{"type":"FeatureCollection","features":[{"id":"0","type":"Feature","properties":{"name":"India"},"geometry":{"type":"MultiPolygon","coordinates":[[[[73.0803,8.3304],[73.0681,8.2835],[73.0481,8.2639],[73.0201,8.268],[73.0173,8.2772],[73.0217,8.2723],[73.0387,8.2732],[73.055,8.2832],[73.0679,8.3103],[73.0772,8.3272],[73.0803,8.3304]],[[73.0648,8.2936],[73.077,8.3226],[73.0769,8.3245],[73.0683,8.3096],[73.0648,8.2936]]],[[[73.0152,8.3024],[73.0118,8.3008],[73.0138,8.3037],[73.0152,8.3024]]],[[[73.0129,8.3035],[73.0132,8.3033],[73.013,8.3032],[73.0129,8.3035]]],[[[72.2829,10.0422],[72.2848,10.0474],[72.2898,10.0543],[72.2829,10.0422]]],[[[73.6301,10.0699],[73.6305,10.0694],[73.6296,10.0695],[73.6301,10.0699]]],[[[73.632,10.0709],[73.6321,10.0699],[73.6317,10.0699],[73.632,10.0709]]],[[[73.6271,10.0736],[73.6269,10.0754],[73.6277,10.0753],[73.6271,10.0736]]],[[[73.6298,10.0746],[73.6303,10.0744],[73.6298,10.0742],[73.6298,10.0746]]],[[[72.3342,10.1009],[72.3365,10.106],[72.3364,10.1076],[72.3342,10.1009]]],[[[72.3326,10.1293],[72.3266,10.131],[72.3274,10.1398],[72.331,10.1341],[72.3326,10.1293]]],[[[72.6459,10.5795],[72.6489,10.5646],[72.6162,10.5435],[72.6399,10.5804],[72.6459,10.5795]]],[[[72.168,10.8164],[72.1646,10.8138],[72.164,10.8142],[72.168,10.8164]]],[[[72.2057,10.878],[72.179,10.8299],[72.1694,10.8193],[72.1939,10.8724],[72.2003,10.8799],[72.2057,10.878]]],[[[72.2925,10.9474],[72.292,10.9381],[72.2842,10.9378],[72.2867,10.948],[72.2925,10.9474]]],[[[72.3198,10.9471],[72.3157,10.9503],[72.3263,10.9526],[72.3198,10.9471]]],[[[72.3309,10.9517],[72.3296,10.9527],[72.3328,10.9538],[72.3309,10.9517]]],[[[72.3338,10.9548],[72.3322,10.9558],[72.334,10.9564],[72.3338,10.9548]]],[[[72.3336,10.9575],[72.3348,10.9586],[72.3342,10.9573],[72.3336,10.9575]]],[[[72.7193,11.1149],[72.7196,11.1309],[72.7333,11.1372],[72.7266,11.1215],[72.7193,11.1149]]],[[[72.761,11.1839],[72.7787,11.2437],[72.7895,11.2615],[72.7763,11.2185],[72.7689,11.2068],[72.7623,11.1853],[72.761,11.1839]]],[[[73.0064,11.472],[72.9974,11.4983],[72.9991,11.4996],[73.0092,11.4887],[73.011,11.4739],[73.0064,11.472]]],[[[72.189,11.5998],[72.1848,11.603],[72.1897,11.5999],[72.189,11.5998]]],[[[72.7166,11.6958],[72.7048,11.6838],[72.7157,11.705],[72.7166,11.6958]]],[[[70.9575,20.7237],[71.0,20.7159],[70.9797,20.7049],[70.9312,20.7129],[70.9121,20.6989],[70.8749,20.7154],[70.8905,20.728],[70.9287,20.7349],[70.9306,20.7294],[70.9404,20.7301],[70.9462,20.7196],[70.9575,20.7237]]],[[[71.0138,20.7357],[70.9922,20.7246],[70.9849,20.7281],[71.0021,20.7417],[71.0026,20.7412],[71.0067,20.7377],[71.009,20.7385],[71.0096,20.7388],[71.0067,20.7377],[71.0021,20.7418],[70.9996,20.742],[70.9952,20.7388],[70.9882,20.7445],[70.9668,20.7338],[70.9444,20.7393],[70.9195,20.7364],[70.9164,20.7416],[70.8753,20.7229],[70.8741,20.7047],[70.8436,20.7062],[70.8344,20.6986],[70.8386,20.6898],[70.823,20.6912],[70.7655,20.7214],[70.7443,20.7204],[70.7064,20.7366],[70.6664,20.7619],[70.6565,20.7591],[70.6123,20.7713],[70.547,20.8064],[70.5397,20.8023],[70.4876,20.8338],[70.4468,20.8477],[70.3923,20.8946],[70.3728,20.8964],[70.3575,20.9057],[70.3469,20.9156],[70.3517,20.9244],[70.3443,20.9162],[70.2899,20.9501],[70.0924,21.1133],[69.9819,21.228],[70.0026,21.2443],[70.0027,21.2549],[70.0119,21.2608],[70.0203,21.2696],[70.0289,21.2738],[70.0288,21.2748],[70.0209,21.2709],[70.0024,21.2556],[70.0024,21.245],[69.9816,21.2286],[69.7757,21.46],[69.7844,21.4528],[69.8037,21.4518],[69.8051,21.4646],[69.7845,21.4572],[69.755,21.4846],[69.7732,21.4616],[69.7072,21.5342],[69.7222,21.5399],[69.7037,21.5421],[69.7039,21.5377],[69.6023,21.6376],[69.5912,21.6393],[69.5981,21.6491],[69.5847,21.6453],[69.5914,21.6414],[69.5891,21.6372],[69.5699,21.6489],[69.4466,21.7572],[69.4429,21.7617],[69.4502,21.7626],[69.4455,21.7673],[69.4424,21.7623],[69.4327,21.7673],[69.3715,21.8303],[69.3293,21.8558],[69.3174,21.8666],[69.3197,21.8712],[69.3159,21.8683],[69.2836,21.8936],[69.2165,21.9575],[68.9812,22.2123],[68.9658,22.2341],[68.9737,22.2365],[68.9582,22.2381],[68.9357,22.3118],[68.9423,22.3321],[68.9557,22.3376],[68.9574,22.3682],[68.9771,22.4035],[68.9833,22.3982],[69.0,22.4007],[68.9998,22.4064],[68.9785,22.4037],[68.9845,22.4134],[69.0072,22.4404],[69.0551,22.4664],[69.0681,22.4814],[69.0836,22.4746],[69.0741,22.4541],[69.0497,22.4377],[69.0457,22.4433],[69.0516,22.4458],[69.0395,22.4457],[69.0468,22.4232],[69.0356,22.3902],[69.049,22.3979],[69.0533,22.3886],[69.0627,22.3909],[69.0576,22.3872],[69.0608,22.3833],[69.065,22.3893],[69.0818,22.3882],[69.1034,22.3989],[69.0996,22.4082],[69.1105,22.4099],[69.128,22.3951],[69.1212,22.3756],[69.1383,22.4015],[69.1505,22.3992],[69.1511,22.4047],[69.1562,22.4104],[69.1606,22.4121],[69.1565,22.406],[69.1635,22.4042],[69.1824,22.4195],[69.1755,22.4228],[69.1947,22.4219],[69.1874,22.4133],[69.191,22.4139],[69.1966,22.4037],[69.1918,22.41],[69.1876,22.4026],[69.2009,22.4014],[69.1998,22.3906],[69.1679,22.3735],[69.1695,22.3687],[69.1809,22.3706],[69.1691,22.3541],[69.1774,22.3561],[69.1754,22.3479],[69.1633,22.3486],[69.1693,22.3335],[69.1568,22.316],[69.1607,22.2842],[69.1559,22.2628],[69.1485,22.2575],[69.1539,22.2487],[69.1338,22.2226],[69.1394,22.211],[69.1364,22.1955],[69.1564,22.1952],[69.1672,22.204],[69.1685,22.2148],[69.1785,22.2128],[69.1791,22.2281],[69.1901,22.2348],[69.1846,22.2402],[69.1903,22.2436],[69.1952,22.2253],[69.2115,22.2194],[69.2128,22.2103],[69.2376,22.2227],[69.2335,22.25],[69.2405,22.2584],[69.2545,22.2674],[69.2922,22.2753],[69.2929,22.2869],[69.322,22.292],[69.3242,22.3028],[69.3315,22.3013],[69.34,22.3127],[69.3327,22.3278],[69.3517,22.3268],[69.3637,22.3172],[69.3791,22.3212],[69.4229,22.3162],[69.4434,22.3306],[69.4652,22.3285],[69.4907,22.337],[69.4902,22.3527],[69.4995,22.3663],[69.5159,22.373],[69.5348,22.3709],[69.5404,22.3772],[69.5602,22.3671],[69.5613,22.3558],[69.5796,22.3673],[69.5976,22.3461],[69.6094,22.3525],[69.6173,22.3454],[69.6152,22.3646],[69.6211,22.3718],[69.6354,22.3582],[69.6554,22.3595],[69.661,22.3963],[69.7021,22.3987],[69.6956,22.4129],[69.7054,22.4337],[69.6946,22.4427],[69.6961,22.4525],[69.7129,22.4747],[69.7307,22.4845],[69.7366,22.4845],[69.7345,22.4702],[69.7437,22.4589],[69.7419,22.4486],[69.7348,22.4492],[69.7416,22.4464],[69.7328,22.4428],[69.743,22.4419],[69.7476,22.4331],[69.7396,22.4322],[69.7501,22.4292],[69.7537,22.4166],[69.751,22.4597],[69.7645,22.4755],[69.7803,22.4686],[69.7851,22.4587],[69.7814,22.4449],[69.7711,22.4504],[69.7721,22.4462],[69.7654,22.4467],[69.7792,22.4413],[69.7741,22.4338],[69.7885,22.4346],[69.7793,22.4164],[69.792,22.4309],[69.794,22.4237],[69.8055,22.4236],[69.8099,22.4314],[69.8208,22.4325],[69.8056,22.4482],[69.8035,22.4632],[69.8242,22.4731],[69.864,22.4635],[69.8678,22.4338],[69.8714,22.4367],[69.8706,22.4354],[69.8718,22.4333],[69.8703,22.4294],[69.8706,22.4279],[69.8719,22.4326],[69.8718,22.4366],[69.8643,22.4638],[69.8711,22.4712],[69.8823,22.4764],[69.8868,22.4702],[69.8991,22.4684],[69.904,22.458],[69.9106,22.4529],[69.8996,22.4691],[69.8832,22.4767],[69.8971,22.4792],[69.9135,22.4517],[69.9191,22.4564],[69.9132,22.4644],[69.9205,22.4609],[69.9263,22.4644],[69.9123,22.4675],[69.8896,22.4953],[69.9332,22.4869],[69.9054,22.4982],[69.9323,22.5147],[69.9348,22.5009],[69.9424,22.5123],[69.949,22.5043],[69.9451,22.5025],[69.9439,22.5],[69.9495,22.5039],[69.9487,22.5075],[69.9562,22.5],[69.9574,22.5046],[69.9711,22.5],[69.956,22.5068],[69.9641,22.5075],[69.9671,22.5099],[69.9763,22.5035],[69.9703,22.5112],[69.9601,22.5097],[69.9694,22.5196],[69.9731,22.5147],[69.9713,22.5211],[69.9537,22.5094],[69.9508,22.5169],[69.9558,22.5167],[69.9568,22.5172],[69.9481,22.5203],[69.9467,22.5282],[69.9531,22.5296],[69.9524,22.5249],[69.9593,22.523],[69.9529,22.5257],[69.9625,22.5265],[69.9553,22.5299],[69.9641,22.5301],[69.9604,22.535],[69.97,22.5393],[69.9749,22.5318],[69.9719,22.5401],[69.9845,22.5414],[69.9771,22.5271],[69.9824,22.5132],[69.9869,22.517],[69.9823,22.5239],[69.9905,22.5201],[69.9915,22.5241],[69.9838,22.5252],[69.9899,22.5267],[69.9874,22.5301],[69.9786,22.5254],[69.9863,22.5411],[69.984,22.5432],[69.9755,22.5428],[70.019,22.5465],[70.0394,22.5665],[70.057,22.5567],[70.1252,22.5529],[70.1342,22.5743],[70.1417,22.5773],[70.1515,22.5705],[70.1541,22.5814],[70.1639,22.5836],[70.1541,22.5847],[70.1572,22.5944],[70.1712,22.5992],[70.1813,22.5944],[70.1766,22.6046],[70.1903,22.6104],[70.1859,22.6178],[70.1949,22.6208],[70.1916,22.627],[70.2082,22.6392],[70.1931,22.6391],[70.1938,22.6433],[70.2094,22.6587],[70.2234,22.661],[70.218,22.6654],[70.2231,22.6732],[70.2124,22.6781],[70.2223,22.6859],[70.2162,22.69],[70.2249,22.71],[70.2175,22.7126],[70.2188,22.7181],[70.2356,22.7284],[70.2488,22.7471],[70.2634,22.7546],[70.266,22.75],[70.2659,22.7576],[70.2924,22.7661],[70.3013,22.7984],[70.3747,22.9072],[70.3971,22.9184],[70.3986,22.904],[70.3975,22.9186],[70.4092,22.926],[70.4075,22.9091],[70.4045,22.904],[70.3955,22.8981],[70.3903,22.892],[70.3917,22.8922],[70.4047,22.9037],[70.4083,22.9092],[70.4108,22.9267],[70.4114,22.9224],[70.4145,22.9132],[70.4,22.8892],[70.4151,22.9136],[70.4113,22.927],[70.4192,22.9187],[70.4119,22.8925],[70.3918,22.8833],[70.4087,22.8892],[70.3829,22.8716],[70.4079,22.8869],[70.4035,22.8801],[70.4069,22.8828],[70.4172,22.9017],[70.4202,22.9184],[70.4265,22.9045],[70.416,22.8779],[70.3949,22.8618],[70.4021,22.8647],[70.3883,22.8498],[70.4123,22.8722],[70.4045,22.8595],[70.4155,22.8565],[70.4048,22.8522],[70.414,22.8462],[70.4073,22.8472],[70.4035,22.8462],[70.3984,22.8463],[70.3971,22.8458],[70.4271,22.8422],[70.4146,22.8344],[70.4116,22.836],[70.4064,22.8374],[70.4034,22.8391],[70.3941,22.8399],[70.3913,22.8396],[70.4139,22.8341],[70.3964,22.8336],[70.4097,22.8299],[70.4024,22.8281],[70.4103,22.8251],[70.407,22.8217],[70.3965,22.822],[70.407,22.8211],[70.404,22.8162],[70.3772,22.818],[70.4038,22.8154],[70.393,22.8088],[70.3881,22.8034],[70.3897,22.8008],[70.3836,22.7975],[70.3829,22.7964],[70.3828,22.7952],[70.4072,22.8133],[70.4147,22.8277],[70.423,22.8289],[70.4239,22.827],[70.4214,22.8235],[70.4212,22.8188],[70.4243,22.8269],[70.4237,22.8292],[70.4301,22.8253],[70.4287,22.8305],[70.4494,22.8436],[70.4516,22.8347],[70.4538,22.8418],[70.4562,22.836],[70.4527,22.8445],[70.4648,22.8609],[70.4645,22.8557],[70.4681,22.8513],[70.4618,22.8418],[70.4619,22.8404],[70.4661,22.845],[70.4688,22.8519],[70.4648,22.8568],[70.4688,22.8678],[70.4769,22.8633],[70.4691,22.8689],[70.4724,22.8825],[70.483,22.8789],[70.4727,22.8835],[70.4772,22.9061],[70.4804,22.8969],[70.4817,22.8967],[70.4829,22.8976],[70.4827,22.9006],[70.4854,22.901],[70.4858,22.8955],[70.4896,22.8954],[70.4887,22.8928],[70.4891,22.8872],[70.4906,22.8804],[70.4901,22.8954],[70.4863,22.9014],[70.4827,22.9017],[70.4803,22.8977],[70.4797,22.9079],[70.4847,22.913],[70.4927,22.9039],[70.4971,22.9009],[70.4934,22.8986],[70.4939,22.8966],[70.4998,22.9038],[70.4836,22.9141],[70.4833,22.9324],[70.4859,22.932],[70.4862,22.9303],[70.4884,22.9278],[70.4902,22.927],[70.4861,22.9323],[70.4833,22.9327],[70.483,22.9355],[70.4875,22.9344],[70.4938,22.92],[70.4982,22.9143],[70.4882,22.9344],[70.4966,22.9334],[70.4979,22.9238],[70.4991,22.9228],[70.4967,22.9342],[70.5193,22.9351],[70.48,22.9376],[70.4323,22.9676],[70.4622,22.9665],[70.4789,22.9754],[70.512,22.9607],[70.5375,22.9653],[70.5413,22.9601],[70.5469,22.9974],[70.5613,23.0295],[70.5719,23.0377],[70.5872,23.0311],[70.6018,23.0348],[70.5934,23.0555],[70.5968,23.0614],[70.629,23.063],[70.6382,23.0817],[70.6918,23.1196],[70.6833,23.1181],[70.7018,23.1405],[70.7349,23.1545],[70.7177,23.1869],[70.7393,23.1866],[70.7479,23.2181],[70.7404,23.2235],[70.7272,23.2209],[70.7313,23.2093],[70.7269,23.2061],[70.7069,23.215],[70.689,23.2122],[70.666,23.2283],[70.649,23.2201],[70.6371,23.1875],[70.6309,23.184],[70.5051,23.1763],[70.486,23.1912],[70.4759,23.1903],[70.4774,23.1932],[70.4755,23.1966],[70.4234,23.2069],[70.4305,23.2122],[70.4311,23.2156],[70.4174,23.2105],[70.4074,23.2179],[70.3892,23.214],[70.3715,23.2193],[70.3397,23.2107],[70.3122,23.2155],[70.2978,23.2102],[70.3013,23.2049],[70.2977,23.2077],[70.294,23.2077],[70.3012,23.1939],[70.3086,23.1925],[70.3088,23.1815],[70.2648,23.1618],[70.258,23.169],[70.2403,23.1684],[70.2424,23.1741],[70.2382,23.1688],[70.2426,23.1646],[70.2325,23.1648],[70.2278,23.1602],[70.2336,23.1559],[70.2337,23.1627],[70.2453,23.1636],[70.2375,23.138],[70.2198,23.1461],[70.2157,23.1419],[70.2245,23.1398],[70.2281,23.1278],[70.2158,23.1293],[70.2089,23.1084],[70.1983,23.1045],[70.1849,23.0862],[70.1905,23.0858],[70.1806,23.0769],[70.1885,23.0739],[70.183,23.0667],[70.1755,23.0702],[70.1689,23.0652],[70.1722,23.059],[70.1649,23.0674],[70.1647,23.0538],[70.1493,23.037],[70.159,23.0349],[70.1482,23.0348],[70.139,23.0264],[70.1077,22.9779],[70.0934,22.9717],[70.0805,22.9757],[70.085,22.969],[70.064,22.9594],[70.0601,22.9638],[70.063,22.9551],[70.0533,22.9507],[70.0363,22.9524],[70.056,22.9484],[70.0526,22.9468],[70.0517,22.9443],[70.0592,22.949],[70.0512,22.941],[70.057,22.9425],[70.0555,22.938],[70.0639,22.9462],[70.0728,22.9433],[70.0614,22.9327],[70.0717,22.9352],[70.0691,22.9281],[70.074,22.9341],[70.085,22.9328],[70.0802,22.92],[70.0708,22.9246],[70.0651,22.9191],[70.0142,22.9136],[70.0107,22.9075],[70.008,22.9131],[70.0073,22.9054],[69.993,22.9115],[69.9995,22.9067],[69.959,22.8993],[69.9622,22.8936],[69.9587,22.8986],[69.927,22.896],[69.9306,22.8942],[69.9119,22.8865],[69.8987,22.8712],[69.8776,22.8741],[69.8123,22.8499],[69.8007,22.851],[69.7686,22.8264],[69.7357,22.8167],[69.7303,22.821],[69.732,22.8164],[69.7199,22.8089],[69.6895,22.8067],[69.6824,22.7999],[69.6474,22.7962],[69.6472,22.8089],[69.6369,22.8051],[69.6343,22.8117],[69.6183,22.8122],[69.6059,22.8029],[69.5988,22.8119],[69.5756,22.8177],[69.5759,22.8104],[69.5694,22.8158],[69.5569,22.8073],[69.537,22.804],[69.5344,22.8086],[69.5308,22.7999],[69.5053,22.8089],[69.5047,22.7989],[69.4943,22.7969],[69.4828,22.8057],[69.4773,22.7955],[69.4679,22.7983],[69.4573,22.8143],[69.452,22.8083],[69.4168,22.8108],[69.47,22.7764],[69.4947,22.7798],[69.4717,22.7737],[69.4342,22.788],[69.4437,22.7801],[69.3812,22.8188],[69.3494,22.8201],[69.3216,22.8321],[69.3015,22.8335],[69.3046,22.8377],[69.2974,22.831],[69.2679,22.8252],[69.2314,22.835],[69.2311,22.8407],[69.245,22.8402],[69.2313,22.8418],[69.2282,22.8488],[69.2222,22.8362],[69.2013,22.8374],[69.2032,22.8416],[69.1958,22.838],[69.1942,22.8518],[69.1659,22.8602],[69.1749,22.8514],[69.1305,22.8743],[69.1213,22.8817],[69.1271,22.886],[69.1176,22.8912],[69.1214,22.8901],[69.125,22.8935],[69.1114,22.8916],[69.1087,22.9004],[69.1078,22.8905],[69.0773,22.9105],[69.0828,22.9106],[69.0792,22.9212],[69.0688,22.9185],[69.0686,22.9267],[69.063,22.9182],[69.0079,22.9476],[69.004,22.9519],[69.0167,22.946],[69.0238,22.9449],[69.021,22.95],[69.0067,22.9509],[69.0029,22.9583],[69.0003,22.9552],[69.0054,22.9477],[68.9554,22.9737],[68.9316,22.9879],[68.9464,23.0137],[68.9558,23.0133],[68.9701,23.048],[68.9612,23.0572],[68.9633,23.0623],[68.921,23.0877],[68.9149,23.0795],[68.8962,23.0803],[68.8882,23.0748],[68.8748,23.0543],[68.8833,23.0501],[68.8841,23.039],[68.8627,23.0318],[68.8367,23.0463],[68.8359,23.0507],[68.847,23.0484],[68.8371,23.0521],[68.8418,23.0586],[68.8342,23.0566],[68.8347,23.0505],[68.8246,23.0624],[68.827,23.0575],[68.8212,23.0572],[68.8151,23.077],[68.8097,23.0743],[68.8117,23.0614],[68.8032,23.0648],[68.8118,23.0588],[68.7594,23.0798],[68.7279,23.1075],[68.6314,23.1719],[68.6321,23.1776],[68.6532,23.1592],[68.6395,23.179],[68.6519,23.1835],[68.6511,23.1882],[68.6297,23.1825],[68.5801,23.2284],[68.5809,23.2432],[68.602,23.2358],[68.604,23.2437],[68.6243,23.255],[68.6167,23.2861],[68.6315,23.2993],[68.611,23.2898],[68.6164,23.2733],[68.6055,23.2499],[68.6001,23.2511],[68.6096,23.2656],[68.5937,23.2522],[68.5687,23.2601],[68.5512,23.258],[68.5301,23.2693],[68.5307,23.2875],[68.5572,23.3149],[68.5765,23.3015],[68.5653,23.3174],[68.5815,23.3089],[68.5799,23.3266],[68.6097,23.3211],[68.6196,23.3301],[68.6069,23.3243],[68.5871,23.3354],[68.5576,23.3365],[68.5618,23.3654],[68.5673,23.372],[68.5803,23.3709],[68.578,23.3743],[68.561,23.3728],[68.5515,23.3544],[68.5135,23.3645],[68.5179,23.379],[68.51,23.3687],[68.4993,23.3678],[68.4975,23.3802],[68.5032,23.3803],[68.5176,23.4078],[68.5476,23.4006],[68.5299,23.4107],[68.5339,23.4149],[68.5241,23.4166],[68.5212,23.4289],[68.5064,23.4131],[68.4918,23.4133],[68.4929,23.476],[68.4817,23.4741],[68.4884,23.4534],[68.4853,23.3967],[68.4678,23.3938],[68.4476,23.4068],[68.4545,23.4474],[68.4381,23.4399],[68.4324,23.4249],[68.4105,23.4363],[68.425,23.4436],[68.4171,23.4629],[68.4442,23.4691],[68.4379,23.4731],[68.4402,23.478],[68.4281,23.4741],[68.4233,23.4793],[68.4441,23.5004],[68.4612,23.5008],[68.4807,23.5156],[68.4564,23.5097],[68.443,23.5288],[68.4476,23.5372],[68.4333,23.537],[68.4396,23.5112],[68.4206,23.4902],[68.4137,23.4883],[68.4106,23.498],[68.409,23.4849],[68.3996,23.4851],[68.3965,23.5031],[68.4042,23.5236],[68.4081,23.5852],[68.4003,23.6131],[68.4134,23.6344],[68.4284,23.6395],[68.4635,23.6183],[68.4771,23.627],[68.482,23.6176],[68.4878,23.6446],[68.4778,23.6433],[68.4709,23.6286],[68.4617,23.6291],[68.4449,23.6419],[68.4518,23.6588],[68.508,23.6722],[68.5253,23.6897],[68.5425,23.6964],[68.5548,23.7196],[68.6005,23.7419],[68.606,23.7501],[68.6193,23.7502],[68.626,23.7703],[68.6567,23.8128],[68.6734,23.8119],[68.6973,23.8223],[68.7081,23.8176],[68.7077,23.8241],[68.7593,23.8407],[68.768,23.8604],[68.7913,23.8734],[68.8019,23.8719],[68.8098,23.8803],[68.779,23.8822],[68.7704,23.8741],[68.7627,23.8822],[68.7518,23.8828],[68.7401,23.871],[68.7375,23.8578],[68.7243,23.8485],[68.7163,23.855],[68.7104,23.8451],[68.6926,23.8396],[68.6309,23.8368],[68.5974,23.8088],[68.5936,23.8123],[68.6004,23.8243],[68.5937,23.8289],[68.587,23.8092],[68.5927,23.8005],[68.5819,23.7714],[68.5172,23.7512],[68.5091,23.7414],[68.4705,23.7331],[68.4677,23.7376],[68.462,23.731],[68.4453,23.7362],[68.432,23.7283],[68.4182,23.7337],[68.4266,23.7621],[68.4129,23.7354],[68.4272,23.7247],[68.3898,23.6889],[68.3729,23.6548],[68.3528,23.6407],[68.3434,23.6249],[68.3503,23.6182],[68.3347,23.602],[68.3393,23.5935],[68.3215,23.5794],[68.3118,23.581],[68.3032,23.5983],[68.3061,23.5788],[68.2954,23.585],[68.2941,23.597],[68.2831,23.5883],[68.2692,23.5968],[68.2639,23.5885],[68.2329,23.5917],[68.2299,23.5966],[68.1835,23.5947],[68.1238,23.6129],[68.1266,23.6199],[68.1536,23.6267],[68.1713,23.6436],[68.19,23.6404],[68.1757,23.6465],[68.1823,23.6642],[68.1981,23.675],[68.2102,23.6672],[68.2249,23.6439],[68.239,23.6413],[68.2425,23.6315],[68.2444,23.6447],[68.2616,23.6349],[68.2674,23.6152],[68.2626,23.595],[68.2704,23.6091],[68.2655,23.6349],[68.3122,23.6212],[68.3031,23.6318],[68.2808,23.6318],[68.2596,23.6463],[68.3073,23.65],[68.3216,23.6401],[68.33,23.6436],[68.3483,23.6356],[68.3461,23.6413],[68.3309,23.6472],[68.3213,23.6438],[68.312,23.6526],[68.2326,23.6463],[68.2211,23.6564],[68.2584,23.6677],[68.2595,23.674],[68.277,23.6831],[68.3061,23.6792],[68.3084,23.6847],[68.2821,23.6861],[68.2914,23.6976],[68.2832,23.695],[68.2875,23.7058],[68.3102,23.724],[68.3301,23.729],[68.3126,23.7279],[68.2894,23.7146],[68.2726,23.6896],[68.2539,23.7188],[68.2354,23.731],[68.2523,23.7181],[68.267,23.6923],[68.2312,23.6696],[68.2131,23.6778],[68.2137,23.6871],[68.2018,23.6902],[68.1856,23.716],[68.184,23.7326],[68.2056,23.7839],[68.199,23.8475],[68.2109,23.8776],[68.2504,23.8958],[68.28,23.9307],[68.3307,23.9274],[68.3427,23.9692],[68.3616,23.9894],[68.3758,23.9907],[68.3871,23.9683],[68.3938,23.9662],[68.7528,23.9718],[68.7693,24.2655],[68.7645,24.2959],[68.808,24.3135],[68.8289,24.3147],[68.8434,24.2775],[68.8472,24.2388],[68.8568,24.2139],[68.8661,24.2122],[68.8799,24.2165],[68.9067,24.2798],[68.9452,24.3025],[68.9672,24.2722],[68.9848,24.2276],[69.0033,24.2231],[69.021,24.2284],[69.0949,24.2744],[69.1941,24.2364],[69.3128,24.2815],[69.3786,24.2693],[69.4447,24.2804],[69.4927,24.2677],[69.5943,24.2924],[69.7315,24.171],[70.0253,24.1711],[70.067,24.1994],[70.1099,24.295],[70.166,24.3034],[70.2143,24.3214],[70.2539,24.3254],[70.3268,24.3521],[70.3685,24.3509],[70.4116,24.3754],[70.5487,24.4119],[70.5612,24.4208],[70.5731,24.4223],[70.6024,24.4082],[70.5803,24.3632],[70.562,24.354],[70.5845,24.2904],[70.5849,24.278],[70.5712,24.2516],[70.6455,24.2245],[70.714,24.2157],[70.8053,24.2208],[70.8362,24.2315],[70.8516,24.2449],[70.8765,24.2457],[70.9066,24.2593],[70.9086,24.2633],[70.8751,24.2807],[70.8739,24.295],[70.9242,24.3264],[70.9471,24.3486],[70.9859,24.3652],[71.0034,24.3509],[71.0421,24.3509],[71.0842,24.3945],[71.1196,24.4024],[71.1257,24.4201],[71.1031,24.4358],[71.0373,24.432],[70.9985,24.4444],[70.996,24.475],[71.0049,24.5232],[70.9874,24.5435],[70.9926,24.564],[70.9864,24.5955],[71.0088,24.6354],[71.0746,24.662],[71.0962,24.6887],[71.0653,24.7175],[71.0265,24.8089],[70.9376,24.9386],[70.9112,25.0308],[70.8887,25.1482],[70.7516,25.2778],[70.7368,25.3326],[70.6648,25.3969],[70.672,25.4203],[70.6785,25.5252],[70.6671,25.5313],[70.6739,25.6758],[70.6601,25.7022],[70.6473,25.7126],[70.6088,25.715],[70.5302,25.6835],[70.387,25.6738],[70.2686,25.7136],[70.2472,25.7616],[70.2224,25.7931],[70.1745,25.8284],[70.0998,25.9383],[70.0834,26.0833],[70.1412,26.1559],[70.1682,26.2181],[70.175,26.2515],[70.1635,26.2949],[70.1854,26.3743],[70.1769,26.424],[70.1846,26.4817],[70.1742,26.5514],[70.1172,26.5869],[70.0562,26.6006],[69.8868,26.5789],[69.8231,26.589],[69.7919,26.5983],[69.7197,26.6547],[69.5103,26.7435],[69.4844,26.8048],[69.4979,26.8684],[69.5133,27.01],[69.5864,27.1827],[69.6427,27.2234],[69.7027,27.2843],[69.7601,27.321],[69.8625,27.4018],[69.9339,27.4978],[70.0259,27.5629],[70.1324,27.806],[70.227,27.9014],[70.2962,27.936],[70.3722,28.0118],[70.4395,28.0202],[70.5058,28.037],[70.5543,28.0263],[70.5895,28.0104],[70.5985,27.9932],[70.6774,27.9219],[70.6844,27.8282],[70.7398,27.7419],[70.7593,27.7213],[70.8718,27.7056],[70.9061,27.7096],[70.9632,27.7294],[71.2055,27.8354],[71.3831,27.8726],[71.6664,27.8778],[71.8983,27.9612],[71.9274,28.1217],[72.0043,28.2187],[72.1322,28.3131],[72.2061,28.3943],[72.2992,28.6698],[72.3907,28.7704],[72.4038,28.783],[72.4794,28.8121],[72.7331,28.9481],[72.9458,29.0279],[73.0044,29.153],[73.0844,29.2363],[73.2821,29.572],[73.3969,29.946],[73.597,30.019],[73.8066,30.068],[73.8278,30.0923],[73.9723,30.1979],[73.9565,30.2761],[73.9309,30.3201],[73.9027,30.3491],[73.8798,30.3597],[73.9141,30.3827],[73.9222,30.3981],[73.9367,30.4022],[73.9647,30.4246],[73.9738,30.4438],[73.9488,30.4369],[73.9263,30.4389],[73.9373,30.4451],[73.9277,30.4659],[73.9344,30.4901],[73.9477,30.4839],[73.9501,30.4601],[73.9641,30.4565],[73.9697,30.4753],[73.9637,30.4849],[73.982,30.504],[73.9927,30.5143],[74.02,30.5142],[74.0111,30.5211],[74.012,30.5336],[74.031,30.5269],[74.0392,30.5426],[74.05,30.5372],[74.0573,30.5187],[74.0723,30.5229],[74.0909,30.5494],[74.08,30.5485],[74.0734,30.5547],[74.1021,30.5792],[74.0953,30.6012],[74.1023,30.6096],[74.096,30.6116],[74.1051,30.6193],[74.1181,30.6079],[74.1274,30.6348],[74.1377,30.6275],[74.1478,30.6311],[74.1634,30.6484],[74.1933,30.6652],[74.2192,30.6936],[74.2327,30.7246],[74.2609,30.7231],[74.2684,30.7344],[74.2748,30.7371],[74.2815,30.7309],[74.2865,30.7357],[74.2745,30.7443],[74.2602,30.7731],[74.302,30.7794],[74.3068,30.7892],[74.2949,30.7945],[74.3198,30.8274],[74.3204,30.8466],[74.3481,30.8549],[74.3634,30.8473],[74.3685,30.8519],[74.3645,30.8574],[74.3821,30.8604],[74.3608,30.8737],[74.3659,30.8929],[74.3829,30.8955],[74.3973,30.9094],[74.4227,30.9078],[74.4244,30.916],[74.4103,30.9235],[74.4235,30.9207],[74.4287,30.9312],[74.4139,30.9297],[74.4164,30.9403],[74.4395,30.9422],[74.4421,30.9517],[74.4664,30.9569],[74.4573,30.9646],[74.4797,30.9743],[74.4919,30.9744],[74.5035,30.9648],[74.5162,30.9795],[74.5462,30.9924],[74.5397,31.0088],[74.5425,31.0174],[74.548,31.0325],[74.5587,31.0374],[74.5682,31.0547],[74.5901,31.05],[74.5968,31.0377],[74.6712,31.0536],[74.6959,31.0742],[74.6906,31.0815],[74.7023,31.0924],[74.6891,31.128],[74.667,31.1243],[74.659,31.134],[74.6362,31.1183],[74.6309,31.1327],[74.603,31.1336],[74.5965,31.1276],[74.61,31.1117],[74.6107,31.0993],[74.5994,31.0931],[74.6008,31.088],[74.5891,31.0925],[74.5713,31.0814],[74.5515,31.0864],[74.5484,31.1219],[74.5104,31.1319],[74.5152,31.1521],[74.5108,31.1812],[74.5195,31.1839],[74.526,31.2118],[74.517,31.2279],[74.5327,31.2497],[74.5206,31.2689],[74.542,31.3038],[74.5263,31.312],[74.5348,31.3135],[74.5374,31.3307],[74.5489,31.3348],[74.5517,31.3644],[74.5835,31.379],[74.5872,31.3981],[74.6025,31.4205],[74.6193,31.42],[74.6224,31.4301],[74.6432,31.416],[74.6546,31.426],[74.6386,31.4444],[74.6521,31.4573],[74.6361,31.4776],[74.6275,31.4769],[74.6293,31.4839],[74.6365,31.4848],[74.6252,31.486],[74.6224,31.4819],[74.6098,31.4999],[74.5947,31.5016],[74.5873,31.4963],[74.5752,31.5012],[74.5871,31.504],[74.58,31.5073],[74.5843,31.5209],[74.6129,31.5273],[74.6186,31.5516],[74.6068,31.563],[74.6156,31.569],[74.5923,31.5741],[74.5753,31.6038],[74.5553,31.6078],[74.5467,31.6457],[74.5373,31.6533],[74.5402,31.6601],[74.5287,31.6666],[74.535,31.6776],[74.5019,31.6958],[74.4993,31.7095],[74.4866,31.715],[74.4906,31.7238],[74.5031,31.7285],[74.5037,31.7405],[74.5474,31.7494],[74.5594,31.7579],[74.5618,31.7633],[74.5514,31.779],[74.5556,31.7914],[74.5671,31.7964],[74.5579,31.8048],[74.5731,31.816],[74.5721,31.8388],[74.5833,31.8519],[74.5907,31.8486],[74.5972,31.8674],[74.6066,31.8685],[74.6079,31.8904],[74.6363,31.8842],[74.6509,31.9022],[74.6576,31.9019],[74.6667,31.9227],[74.6743,31.9186],[74.6772,31.9261],[74.7192,31.9237],[74.714,31.9323],[74.7202,31.9414],[74.7566,31.9437],[74.7556,31.9558],[74.7684,31.9477],[74.8062,31.9629],[74.8191,31.9588],[74.8314,31.9809],[74.8289,31.9986],[74.8532,32.0136],[74.8484,32.0205],[74.8656,32.0232],[74.8656,32.0304],[74.869,32.022],[74.88,32.032],[74.8689,32.0416],[74.8795,32.0538],[74.9048,32.0502],[74.928,32.0665],[74.9739,32.0535],[74.9781,32.048],[74.9716,32.0426],[75.0028,32.0436],[75.0124,32.0358],[75.0216,32.0486],[75.0339,32.0507],[75.0407,32.0427],[75.062,32.0553],[75.0687,32.0672],[75.073,32.0597],[75.084,32.06],[75.0912,32.0718],[75.1049,32.0586],[75.1067,32.0696],[75.1229,32.0814],[75.1577,32.0818],[75.1742,32.0675],[75.1793,32.0762],[75.1985,32.0827],[75.1979,32.0986],[75.204,32.0967],[75.2057,32.1026],[75.2025,32.1202],[75.2158,32.1211],[75.2177,32.1034],[75.2237,32.0982],[75.227,32.1068],[75.2347,32.1039],[75.2292,32.0933],[75.2403,32.0911],[75.2457,32.1001],[75.2622,32.1021],[75.2627,32.1119],[75.2789,32.1173],[75.2834,32.1319],[75.2773,32.137],[75.2854,32.1515],[75.2994,32.1533],[75.3068,32.169],[75.3224,32.1795],[75.3103,32.1946],[75.3201,32.2041],[75.3164,32.208],[75.3314,32.2196],[75.3574,32.2181],[75.3724,32.2261],[75.3708,32.2576],[75.3819,32.269],[75.3715,32.2796],[75.3437,32.2786],[75.3502,32.2899],[75.3205,32.2974],[75.3378,32.3197],[75.3278,32.3261],[75.3227,32.3435],[75.3022,32.3443],[75.2989,32.3535],[75.2883,32.3545],[75.2897,32.3698],[75.285,32.372],[75.2581,32.3714],[75.2559,32.3893],[75.2415,32.3852],[75.215,32.4013],[75.2076,32.3947],[75.194,32.4005],[75.1924,32.4101],[75.1992,32.4112],[75.1996,32.4204],[75.1898,32.4258],[75.1527,32.4211],[75.1314,32.4089],[75.1266,32.4203],[75.1332,32.4278],[75.1014,32.4777],[75.0855,32.4688],[75.028,32.4971],[75.0168,32.4795],[75.0193,32.4662],[74.9919,32.4515],[74.9686,32.4593],[74.9512,32.4475],[74.9379,32.4713],[74.9193,32.4643],[74.9066,32.4729],[74.8975,32.4684],[74.8792,32.4767],[74.8839,32.4888],[74.8773,32.493],[74.8653,32.4863],[74.8586,32.4929],[74.8471,32.4892],[74.8188,32.4979],[74.8128,32.4796],[74.8005,32.4823],[74.7948,32.4764],[74.7546,32.4821],[74.7145,32.4769],[74.7102,32.4926],[74.6879,32.4869],[74.6821,32.4936],[74.6826,32.5097],[74.6906,32.533],[74.6629,32.5445],[74.6627,32.5538],[74.6745,32.5544],[74.6738,32.568],[74.6525,32.563],[74.6547,32.5808],[74.6489,32.588],[74.6588,32.5969],[74.6418,32.6006],[74.639,32.6146],[74.6549,32.6152],[74.6551,32.637],[74.6704,32.639],[74.6713,32.6452],[74.6889,32.6519],[74.6953,32.6613],[74.6824,32.6723],[74.667,32.6753],[74.6535,32.6967],[74.6637,32.724],[74.6559,32.728],[74.7039,32.817],[74.7048,32.842],[74.6835,32.8368],[74.6679,32.8251],[74.6556,32.8321],[74.6405,32.819],[74.6346,32.8066],[74.6584,32.7877],[74.654,32.7809],[74.6397,32.7821],[74.6323,32.7764],[74.6304,32.7684],[74.6384,32.7586],[74.6343,32.7495],[74.6192,32.7607],[74.5768,32.7479],[74.5762,32.7566],[74.5629,32.7601],[74.5542,32.7584],[74.5482,32.7469],[74.5433,32.7525],[74.5318,32.7444],[74.5116,32.7455],[74.5116,32.7645],[74.4861,32.7645],[74.476,32.7754],[74.4646,32.7759],[74.4594,32.7877],[74.4153,32.7846],[74.4029,32.7674],[74.3942,32.7721],[74.391,32.7632],[74.355,32.767],[74.3145,32.7968],[74.3151,32.8048],[74.3083,32.8076],[74.3128,32.8222],[74.3034,32.8298],[74.2677,32.8322],[74.2634,32.8421],[74.2196,32.8488],[74.2198,32.8623],[74.2142,32.8627],[74.2113,32.8734],[74.1943,32.8739],[74.1788,32.8895],[74.1656,32.8869],[74.069,32.9096],[74.0597,32.9201],[74.0582,32.9345],[74.0245,32.9298],[73.9997,32.9354],[74.0062,32.9549],[73.9983,32.962],[73.9724,32.9672],[73.9646,32.9871],[73.9414,32.9824],[73.9083,33.0014],[73.8805,32.9975],[73.8257,33.004],[73.826,32.9772],[73.8093,32.9676],[73.7904,32.9668],[73.7899,32.9776],[73.7983,32.9889],[73.7945,33.0036],[73.7491,33.0336],[73.7499,33.058],[73.7428,33.0662],[73.6854,33.0875],[73.6728,33.0822],[73.6377,33.0847],[73.6313,33.1176],[73.6393,33.1281],[73.6312,33.1395],[73.6487,33.1375],[73.6499,33.1566],[73.6645,33.1614],[73.6626,33.1917],[73.668,33.2019],[73.6476,33.2228],[73.6395,33.205],[73.6335,33.2076],[73.6317,33.2232],[73.6376,33.2304],[73.6218,33.236],[73.6065,33.2737],[73.6055,33.2854],[73.6142,33.2929],[73.5956,33.3028],[73.5893,33.3235],[73.5994,33.3295],[73.598,33.3375],[73.5936,33.3401],[73.5784,33.3286],[73.5705,33.343],[73.5838,33.3557],[73.5719,33.3567],[73.5652,33.3663],[73.5733,33.3918],[73.6032,33.4191],[73.5867,33.4228],[73.5959,33.4294],[73.5961,33.439],[73.6319,33.4476],[73.6305,33.4601],[73.62,33.4625],[73.6187,33.4762],[73.6105,33.4709],[73.6021,33.4967],[73.6187,33.4954],[73.6114,33.5131],[73.6418,33.5285],[73.6244,33.5409],[73.6287,33.5711],[73.605,33.5887],[73.6119,33.6038],[73.5985,33.6002],[73.5883,33.6154],[73.5672,33.6177],[73.5777,33.6381],[73.5675,33.6685],[73.5971,33.6998],[73.6031,33.7151],[73.5946,33.7512],[73.5599,33.7813],[73.5935,33.8898],[73.5844,33.905],[73.5476,33.9369],[73.5278,33.9882],[73.5164,33.9989],[73.5179,34.0218],[73.5078,34.0649],[73.4997,34.0746],[73.4972,34.1325],[73.4909,34.1397],[73.4927,34.2016],[73.4985,34.2112],[73.4728,34.2523],[73.4759,34.2677],[73.4845,34.2746],[73.4808,34.2894],[73.4755,34.2913],[73.4567,34.2765],[73.4604,34.2891],[73.4455,34.3031],[73.4445,34.3214],[73.4251,34.3373],[73.4299,34.3463],[73.4079,34.3503],[73.3961,34.3716],[73.4091,34.3776],[73.4277,34.426],[73.4218,34.4637],[73.4352,34.4849],[73.4373,34.5065],[73.4308,34.5213],[73.4409,34.5279],[73.4463,34.5396],[73.4435,34.5556],[73.4538,34.5711],[73.5322,34.571],[73.5561,34.5898],[73.5723,34.5837],[73.6111,34.5848],[73.633,34.5626],[73.6503,34.562],[73.6598,34.5798],[73.6538,34.6005],[73.695,34.6501],[73.6635,34.6632],[73.6591,34.6731],[73.6846,34.7075],[73.7046,34.722],[73.7299,34.7722],[73.7723,34.7961],[73.8218,34.7921],[73.8377,34.8132],[73.8567,34.8085],[73.895,34.819],[73.9194,34.8117],[73.9305,34.8324],[73.961,34.8386],[73.9674,34.8638],[73.9927,34.8659],[74.0005,34.8752],[74.0299,34.8763],[74.042,34.891],[74.0347,34.9015],[74.0372,34.9192],[74.0712,34.9355],[74.0593,34.9927],[74.0896,35.0018],[74.1097,35.0161],[74.0982,35.0322],[74.0667,35.0463],[74.0712,35.0585],[74.1014,35.0991],[74.1324,35.1029],[74.1337,35.1101],[74.1059,35.1257],[74.1136,35.1377],[74.1123,35.1485],[74.0958,35.1407],[74.0721,35.1532],[74.0634,35.1471],[74.0338,35.1469],[74.0048,35.1677],[74.0028,35.1837],[73.9777,35.1806],[73.9568,35.1681],[73.9245,35.2039],[73.897,35.2117],[73.8612,35.2071],[73.8454,35.2246],[73.8083,35.2395],[73.7705,35.236],[73.7335,35.2085],[73.708,35.2225],[73.7191,35.2425],[73.725,35.2731],[73.6948,35.3184],[73.6954,35.3691],[73.727,35.419],[73.792,35.4542],[73.7785,35.5229],[73.7296,35.5295],[73.7213,35.5492],[73.6588,35.5476],[73.6284,35.5691],[73.6093,35.5582],[73.5616,35.5464],[73.5279,35.5673],[73.5015,35.5576],[73.4774,35.5719],[73.3981,35.5571],[73.3635,35.5972],[73.2997,35.6112],[73.2687,35.6244],[73.2126,35.6689],[73.1943,35.6737],[73.1329,35.7108],[73.1264,35.721],[73.1265,35.7762],[73.1372,35.8192],[73.1487,35.8312],[73.0839,35.8775],[73.0681,35.8777],[73.058,35.8627],[73.0288,35.8471],[72.9871,35.8598],[72.9184,35.8391],[72.8924,35.8445],[72.8911,35.8737],[72.8393,35.8671],[72.8192,35.8817],[72.8082,35.8591],[72.7891,35.8577],[72.7843,35.8415],[72.7614,35.8323],[72.7266,35.8531],[72.6844,35.8225],[72.6497,35.8389],[72.6281,35.8579],[72.6188,35.8534],[72.6099,35.8616],[72.5851,35.8594],[72.5582,35.8977],[72.543,35.8945],[72.5185,35.9055],[72.5131,35.9387],[72.5349,35.9506],[72.5424,35.9695],[72.5387,35.9851],[72.56,35.987],[72.5593,35.9936],[72.5809,36.0133],[72.5846,36.0251],[72.5688,36.0446],[72.5357,36.0473],[72.5167,36.0673],[72.5276,36.1102],[72.5404,36.1277],[72.5617,36.1399],[72.5507,36.15],[72.5491,36.1646],[72.5359,36.1733],[72.5505,36.1985],[72.5473,36.2054],[72.5739,36.2238],[72.5727,36.2391],[72.5847,36.2569],[72.6117,36.2695],[72.6622,36.2581],[72.6848,36.2439],[72.6742,36.2622],[72.6806,36.271],[72.7112,36.2763],[72.7311,36.2983],[72.7592,36.2986],[72.7739,36.3159],[72.8033,36.3308],[72.8086,36.351],[72.8161,36.3564],[72.8401,36.3673],[72.8537,36.3664],[72.851,36.3724],[72.8755,36.3946],[72.8701,36.4075],[72.8758,36.4169],[72.8597,36.4356],[72.8866,36.4443],[72.9081,36.4609],[72.9236,36.4535],[72.9461,36.4662],[72.9734,36.4538],[72.9794,36.4573],[72.9879,36.4693],[72.9742,36.4754],[72.9747,36.4943],[72.9828,36.5015],[72.9779,36.5115],[73.0519,36.533],[73.0525,36.5487],[73.078,36.5692],[73.0795,36.5856],[73.0972,36.606],[73.0963,36.6135],[73.0741,36.6288],[73.0798,36.6388],[73.0804,36.67],[73.0707,36.6798],[73.0676,36.7006],[73.0952,36.6834],[73.1164,36.6842],[73.1625,36.7076],[73.1707,36.724],[73.1866,36.7103],[73.1867,36.7012],[73.2014,36.6955],[73.2288,36.7015],[73.238,36.7115],[73.2461,36.7054],[73.2941,36.7042],[73.3108,36.7143],[73.3478,36.7164],[73.3516,36.735],[73.3944,36.7301],[73.4214,36.743],[73.4339,36.731],[73.462,36.7351],[73.4793,36.7195],[73.4976,36.7131],[73.5098,36.7219],[73.5199,36.7103],[73.5498,36.7161],[73.5543,36.7096],[73.5793,36.7224],[73.59,36.6945],[73.6216,36.6903],[73.6348,36.6982],[73.6893,36.6876],[73.7099,36.7123],[73.7748,36.7021],[73.7955,36.7188],[73.8487,36.7024],[73.8767,36.7047],[73.8736,36.7206],[73.8853,36.7299],[73.8834,36.7453],[73.868,36.7663],[73.837,36.7951],[73.8148,36.789],[73.8015,36.7942],[73.7976,36.8182],[73.7588,36.8162],[73.7491,36.8274],[73.7055,36.8378],[73.7062,36.858],[73.667,36.8809],[73.6711,36.9117],[73.6972,36.9143],[73.7287,36.898],[73.7513,36.9097],[73.7736,36.8963],[73.7941,36.9002],[73.8007,36.8875],[73.8102,36.8886],[73.8204,36.9031],[73.8593,36.8973],[73.893,36.8755],[73.9149,36.883],[73.9615,36.8393],[73.982,36.8296],[74.0084,36.8338],[74.0465,36.8108],[74.0855,36.8415],[74.1163,36.8357],[74.1335,36.8479],[74.1442,36.8909],[74.1557,36.9105],[74.249,36.8936],[74.3148,36.9273],[74.3508,36.9601],[74.4082,36.9816],[74.4199,36.9945],[74.5203,36.9958],[74.5343,36.9832],[74.5425,36.9614],[74.5641,36.9579],[74.5804,37.021],[74.5779,37.0458],[74.5681,37.0518],[74.6414,37.066],[74.6812,37.0867],[74.7074,37.0873],[74.7159,37.0537],[74.7471,37.0201],[74.7691,37.0412],[74.8389,37.0358],[74.8331,37.0112],[74.8376,36.9978],[74.8799,36.9575],[74.9101,36.9164],[74.9177,36.92],[74.9234,36.9345],[74.9951,36.9747],[75.016,36.9927],[75.0758,36.9612],[75.107,36.9631],[75.1615,36.9998],[75.1737,37.0012],[75.1875,37.022],[75.2204,37.0516],[75.2649,37.0624],[75.3499,37.0655],[75.3556,37.0609],[75.3615,37.0206],[75.3602,37.0015],[75.3523,36.9912],[75.3674,36.975],[75.397,36.9833],[75.414,36.9767],[75.4181,36.9501],[75.3994,36.9349],[75.4066,36.923],[75.4057,36.9084],[75.4278,36.9069],[75.4408,36.8978],[75.4616,36.8295],[75.6073,36.779],[75.6633,36.7167],[75.7307,36.6233],[75.7811,36.5832],[75.8142,36.5666],[75.8484,36.5622],[75.8721,36.5447],[75.9279,36.5208],[75.997,36.5001],[76.0835,36.4843],[76.1776,36.3976],[76.199,36.3944],[76.2508,36.3574],[76.2824,36.3553],[76.3553,36.3676],[76.407,36.3265],[76.4364,36.3218],[76.4365,36.3032],[76.4541,36.2755],[76.4382,36.2617],[76.4728,36.2351],[76.479,36.2227],[76.5548,36.1976],[76.5679,36.1779],[76.6163,36.1728],[76.6474,36.191],[76.6536,36.1789],[76.7111,36.1351],[76.7128,36.1179],[76.7283,36.0872],[76.8104,36.0532],[76.8136,36.0266],[76.784,36.0146],[76.7563,35.9905],[76.7588,35.9822],[76.731,35.9604],[76.7542,35.9295],[76.7884,35.8996],[76.7978,35.8624],[76.8135,35.8492],[76.8546,35.8401],[76.9211,35.7926],[76.9715,35.788],[77.0019,35.7762],[77.0591,35.7836],[77.0938,35.8001],[77.1123,35.8017],[77.1354,35.7943],[77.134,35.7838],[77.1467,35.7811],[77.1493,35.7696],[77.1728,35.7654],[77.1694,35.7458],[77.1765,35.735],[77.227,35.7284],[77.2279,35.7149],[77.2358,35.71],[77.2696,35.7082],[77.2842,35.7197],[77.3191,35.6969],[77.3346,35.7201],[77.3681,35.7169],[77.3817,35.6906],[77.4015,35.6831],[77.4034,35.662],[77.4377,35.6549],[77.4425,35.62],[77.4341,35.6091],[77.4653,35.5938],[77.4709,35.5667],[77.4618,35.5476],[77.4842,35.5315],[77.4712,35.5216],[77.4535,35.5255],[77.4346,35.5162],[77.4098,35.5288],[77.3992,35.5449],[77.3833,35.5502],[77.321,35.534],[77.3464,35.5174],[77.3513,35.4958],[77.3722,35.4931],[77.3829,35.4757],[77.4157,35.4722],[77.4421,35.4606],[77.5078,35.4839],[77.5436,35.4768],[77.5701,35.4828],[77.6222,35.4664],[77.649,35.4857],[77.6716,35.4682],[77.693,35.476],[77.7199,35.474],[77.73,35.4794],[77.7225,35.511],[77.7367,35.5241],[77.7645,35.4986],[77.7781,35.4938],[77.7968,35.4956],[77.8217,35.5144],[77.8697,35.4788],[77.8873,35.4817],[77.9072,35.4668],[77.9288,35.4947],[77.9832,35.4562],[77.9871,35.4639],[77.9665,35.4769],[77.9637,35.4975],[77.9346,35.5163],[77.9711,35.566],[77.9605,35.6044],[77.9991,35.5857],[78.0465,35.5875],[78.0847,35.5532],[78.1024,35.5563],[78.147,35.5396],[78.1522,35.5499],[78.1621,35.5525],[78.1583,35.5824],[78.1732,35.5995],[78.1675,35.6277],[78.1967,35.6247],[78.1948,35.6364],[78.2046,35.6453],[78.2095,35.6628],[78.2583,35.6425],[78.2828,35.6601],[78.278,35.7159],[78.2948,35.7212],[78.3415,35.7166],[78.4002,35.7308],[78.417,35.761],[78.4275,35.7649],[78.4276,35.7741],[78.4351,35.7782],[78.4782,35.7664],[78.5128,35.7656],[78.5269,35.7565],[78.5737,35.7848],[78.5834,35.7832],[78.5979,35.8021],[78.6468,35.8178],[78.675,35.8515],[78.7105,35.8513],[78.7237,35.8599],[78.7596,35.8577],[78.7814,35.8635],[78.7942,35.8547],[78.8274,35.8482],[78.9336,35.8662],[78.9678,35.8843],[79.0537,35.8411],[79.1561,35.832],[79.2202,35.8888],[79.2031,35.9254],[79.2134,35.9536],[79.2617,35.9843],[79.4068,35.9855],[79.4271,35.9037],[79.4351,35.8927],[79.5364,35.8745],[79.5933,35.8472],[79.7156,35.8145],[79.7481,35.7916],[79.8921,35.7718],[79.951,35.8185],[80.0081,35.8283],[80.0355,35.8077],[80.0557,35.783],[80.0822,35.7268],[80.1037,35.7076],[80.1229,35.6636],[80.2365,35.6324],[80.3072,35.5895],[80.3216,35.5535],[80.3253,35.5095],[80.3421,35.4615],[80.2914,35.4275],[80.2866,35.4039],[80.2941,35.3816],[80.2917,35.3593],[80.2684,35.2948],[80.2375,35.245],[80.2296,35.2004],[80.186,35.1483],[80.1957,35.0597],[80.1874,35.0117],[80.1583,34.9397],[80.1164,34.8625],[80.0742,34.8247],[80.0632,34.7067],[80.0389,34.6885],[79.9489,34.6664],[79.8894,34.6787],[79.8642,34.6764],[79.8289,34.6485],[79.8205,34.6329],[79.7754,34.6107],[79.7736,34.6034],[79.792,34.5729],[79.7651,34.5625],[79.7595,34.5376],[79.8087,34.5198],[79.8169,34.5074],[79.8134,34.4809],[79.7885,34.4657],[79.6628,34.4683],[79.6531,34.4763],[79.6262,34.4762],[79.5971,34.4857],[79.5138,34.4603],[79.5312,34.4354],[79.5298,34.4058],[79.5678,34.395],[79.5581,34.3786],[79.5646,34.3179],[79.5963,34.264],[79.5893,34.2281],[79.5685,34.2063],[79.5476,34.1931],[79.515,34.2005],[79.4976,34.1885],[79.4879,34.1452],[79.4952,34.1282],[79.4901,34.1202],[79.4611,34.0923],[79.4206,34.0777],[79.4137,34.0466],[79.4397,34.0235],[79.4341,34.013],[79.4133,34.0061],[79.3747,34.0262],[79.2979,34.0336],[79.2702,34.0298],[79.2284,34.0436],[79.2027,34.0413],[79.1762,34.0592],[79.1557,34.0542],[79.1436,34.0577],[79.1464,34.0274],[79.1367,34.0187],[79.0773,34.0136],[79.0111,34.044],[78.9121,34.0101],[78.8912,33.9744],[78.92,33.9432],[78.946,33.9018],[78.9556,33.8838],[78.9538,33.8738],[78.9624,33.8754],[78.966,33.844],[78.977,33.8222],[78.9957,33.8126],[79.0047,33.7723],[79.0315,33.7685],[79.0466,33.7541],[79.057,33.7585],[79.0535,33.7498],[79.0282,33.7493],[79.0319,33.7449],[79.0117,33.7086],[79.0141,33.6847],[79.033,33.6688],[79.0675,33.6638],[79.0935,33.6339],[79.0868,33.6172],[79.0286,33.6194],[79.0069,33.6079],[78.9079,33.6201],[78.8882,33.5738],[78.9142,33.5624],[78.919,33.5376],[78.9441,33.512],[78.9318,33.4799],[78.9284,33.4393],[78.9366,33.4173],[78.9326,33.4105],[78.9421,33.395],[78.939,33.3861],[78.9556,33.3719],[78.9564,33.3529],[78.9806,33.3279],[79.0168,33.3247],[79.0854,33.2887],[79.115,33.2837],[79.2335,33.2892],[79.3031,33.2666],[79.3523,33.2747],[79.4373,33.2515],[79.427,33.1858],[79.3621,33.0925],[79.3641,33.073],[79.3769,33.0481],[79.3761,33.034],[79.3619,33.0194],[79.3146,33.0071],[79.3447,32.9833],[79.3667,32.9829],[79.3654,32.9607],[79.375,32.9549],[79.3928,32.9583],[79.4326,32.9252],[79.4714,32.8672],[79.4863,32.862],[79.5412,32.7826],[79.5624,32.7693],[79.5825,32.7716],[79.6045,32.7326],[79.5617,32.6874],[79.5522,32.6696],[79.5347,32.6629],[79.522,32.6345],[79.478,32.5893],[79.4456,32.5717],[79.4239,32.527],[79.4006,32.5229],[79.3759,32.5315],[79.3689,32.5682],[79.3322,32.5801],[79.3161,32.593],[79.3042,32.5923],[79.2908,32.5816],[79.2899,32.5636],[79.2623,32.5344],[79.2496,32.5256],[79.2304,32.5277],[79.2206,32.5083],[79.1847,32.4794],[79.1284,32.4775],[79.1149,32.4704],[79.1124,32.4627],[79.1265,32.4467],[79.1286,32.4268],[79.1194,32.414],[79.1045,32.4098],[79.0973,32.3758],[79.0635,32.3863],[79.0119,32.3831],[78.9964,32.3774],[78.9766,32.3447],[78.9627,32.3375],[78.9374,32.3715],[78.8933,32.3897],[78.8405,32.4289],[78.8377,32.4388],[78.8057,32.443],[78.799,32.4676],[78.7797,32.4925],[78.7685,32.5287],[78.7709,32.5386],[78.7571,32.5607],[78.758,32.5727],[78.7773,32.5907],[78.7802,32.6039],[78.7661,32.6298],[78.7401,32.6555],[78.7498,32.6979],[78.7028,32.6595],[78.6465,32.6541],[78.6225,32.6141],[78.6039,32.6001],[78.5589,32.62],[78.5376,32.6109],[78.5158,32.6103],[78.4895,32.5848],[78.4537,32.5846],[78.4197,32.562],[78.4144,32.5364],[78.3975,32.5257],[78.4119,32.5216],[78.4218,32.5063],[78.4525,32.504],[78.466,32.4812],[78.4531,32.4675],[78.4528,32.4564],[78.4834,32.4387],[78.4893,32.4202],[78.5152,32.4235],[78.5322,32.4159],[78.5127,32.393],[78.5076,32.3725],[78.4782,32.342],[78.4806,32.2799],[78.4516,32.2395],[78.4987,32.2381],[78.5531,32.248],[78.5707,32.2418],[78.6045,32.2152],[78.6096,32.2046],[78.6062,32.1699],[78.5905,32.1506],[78.6089,32.1356],[78.6151,32.1114],[78.6552,32.1091],[78.6671,32.0992],[78.6748,32.0709],[78.6942,32.0601],[78.7456,32.0022],[78.7783,31.9944],[78.7709,31.9735],[78.778,31.9649],[78.7663,31.9611],[78.7624,31.9488],[78.768,31.9306],[78.7435,31.902],[78.7459,31.893],[78.7397,31.8861],[78.7482,31.8719],[78.7424,31.8637],[78.7431,31.8383],[78.7044,31.8109],[78.7048,31.7756],[78.7242,31.7576],[78.729,31.7339],[78.7518,31.6948],[78.7506,31.6816],[78.7661,31.6754],[78.7971,31.6832],[78.8031,31.6458],[78.8397,31.6238],[78.8461,31.6083],[78.8212,31.5795],[78.808,31.578],[78.8047,31.5688],[78.7809,31.5568],[78.7738,31.5459],[78.7602,31.5498],[78.7559,31.543],[78.7319,31.5352],[78.721,31.5072],[78.7255,31.4842],[78.7632,31.4855],[78.7754,31.4697],[78.8097,31.4476],[78.8066,31.4127],[78.7905,31.396],[78.8309,31.3832],[78.8483,31.3673],[78.8542,31.3453],[78.843,31.325],[78.8722,31.3077],[78.8935,31.2654],[78.9208,31.2539],[78.928,31.2563],[78.9394,31.3265],[78.9511,31.3372],[79.0108,31.3571],[79.0237,31.3964],[79.0515,31.4198],[79.0525,31.4469],[79.0617,31.4613],[79.09,31.445],[79.1274,31.4349],[79.1737,31.3955],[79.1993,31.3565],[79.2465,31.33],[79.2392,31.3142],[79.2719,31.2832],[79.2524,31.266],[79.2519,31.243],[79.2802,31.235],[79.2926,31.2212],[79.3032,31.1904],[79.301,31.1678],[79.3175,31.1367],[79.3988,31.1078],[79.4077,31.077],[79.4246,31.0711],[79.4248,31.0305],[79.4916,31.0335],[79.519,31.0267],[79.5565,30.9607],[79.5986,30.9382],[79.6544,30.9622],[79.6708,30.9793],[79.7033,30.9727],[79.7296,30.9803],[79.7573,30.998],[79.8085,30.9763],[79.8643,30.9698],[79.8844,30.943],[79.8903,30.9186],[79.9104,30.9151],[79.9291,30.8824],[79.9622,30.89],[79.9925,30.8769],[80.042,30.8358],[80.056,30.8415],[80.0575,30.8294],[80.0767,30.8155],[80.089,30.7941],[80.1109,30.7793],[80.1224,30.7774],[80.1435,30.7898],[80.1574,30.7887],[80.1581,30.8059],[80.1778,30.8041],[80.2032,30.7765],[80.2001,30.7647],[80.2149,30.7491],[80.2397,30.7621],[80.2505,30.7371],[80.2476,30.7178],[80.2369,30.7075],[80.2364,30.6904],[80.1997,30.683],[80.1972,30.662],[80.2212,30.6418],[80.2218,30.6333],[80.2117,30.6224],[80.2171,30.6084],[80.2288,30.6035],[80.2268,30.5789],[80.2578,30.5588],[80.2831,30.5722],[80.3189,30.5594],[80.3856,30.515],[80.4156,30.5253],[80.4195,30.5152],[80.4477,30.4977],[80.4983,30.4842],[80.5171,30.4732],[80.5391,30.4492],[80.5476,30.4486],[80.5514,30.4609],[80.5698,30.4666],[80.5802,30.4809],[80.598,30.4788],[80.652,30.4443],[80.6781,30.4374],[80.7135,30.4082],[80.752,30.3935],[80.7836,30.3578],[80.7873,30.3426],[80.8216,30.3156],[80.8627,30.2995],[81.0055,30.2631],[81.0332,30.2464],[81.0259,30.227],[81.0449,30.2114],[81.0441,30.2058],[81.0311,30.1964],[80.96,30.179],[80.9444,30.1787],[80.9183,30.1898],[80.9197,30.2142],[80.9027,30.2154],[80.882,30.1837],[80.8678,30.1739],[80.8741,30.1256],[80.8447,30.1162],[80.846,30.1044],[80.8398,30.0987],[80.8207,30.0997],[80.8056,30.09],[80.7795,30.0568],[80.761,30.0495],[80.7577,30.0242],[80.7468,30.0058],[80.7374,29.9994],[80.719,30.0006],[80.6745,29.9572],[80.6488,29.9557],[80.6296,29.9654],[80.6018,29.9581],[80.5741,29.924],[80.5724,29.8949],[80.5568,29.8704],[80.5613,29.8664],[80.5531,29.8513],[80.5387,29.8475],[80.5219,29.8274],[80.5067,29.823],[80.4939,29.7958],[80.4643,29.8024],[80.4435,29.7993],[80.435,29.806],[80.4287,29.7978],[80.4069,29.7947],[80.3974,29.7589],[80.3858,29.7591],[80.3853,29.7505],[80.3659,29.7484],[80.3656,29.7264],[80.3759,29.72],[80.3721,29.7155],[80.3842,29.6751],[80.3904,29.6645],[80.4158,29.6526],[80.4143,29.6435],[80.4203,29.6383],[80.4209,29.6299],[80.411,29.6254],[80.406,29.6133],[80.4079,29.596],[80.3881,29.5715],[80.3791,29.5716],[80.3785,29.5611],[80.3631,29.5639],[80.3636,29.5564],[80.3425,29.5528],[80.3415,29.5405],[80.3579,29.5328],[80.3497,29.5192],[80.3142,29.4994],[80.3131,29.4848],[80.2987,29.4906],[80.2869,29.477],[80.3018,29.4528],[80.2808,29.4516],[80.2757,29.4585],[80.2691,29.4555],[80.2744,29.4501],[80.2573,29.4517],[80.2422,29.4429],[80.2476,29.4356],[80.2422,29.4114],[80.2751,29.393],[80.2792,29.3788],[80.2716,29.3738],[80.2714,29.3647],[80.28,29.3591],[80.2801,29.347],[80.2958,29.3245],[80.3169,29.3152],[80.3184,29.3023],[80.3042,29.2847],[80.3002,29.2416],[80.2906,29.2317],[80.2974,29.2049],[80.286,29.1958],[80.2757,29.2067],[80.2604,29.2069],[80.2574,29.218],[80.2488,29.2212],[80.2405,29.2025],[80.2587,29.187],[80.2582,29.1648],[80.2721,29.1413],[80.2553,29.1373],[80.233,29.1185],[80.2097,29.122],[80.1832,29.1372],[80.1429,29.0995],[80.1294,29.0627],[80.1372,29.0605],[80.1245,29.0131],[80.1354,29.0074],[80.1267,29.0061],[80.1179,28.9815],[80.1005,28.9869],[80.0585,28.9166],[80.0648,28.8377],[80.0748,28.8245],[80.1181,28.829],[80.1707,28.7828],[80.216,28.7556],[80.2348,28.7594],[80.2566,28.7543],[80.2656,28.7436],[80.2565,28.7292],[80.2792,28.7097],[80.2935,28.7117],[80.3171,28.7001],[80.3257,28.6665],[80.3603,28.6458],[80.361,28.6353],[80.3764,28.6289],[80.4208,28.6399],[80.4508,28.6295],[80.4637,28.6161],[80.472,28.591],[80.4687,28.5835],[80.4814,28.5853],[80.5058,28.5685],[80.5176,28.552],[80.5306,28.5726],[80.5215,28.5767],[80.5034,28.6651],[80.5395,28.6908],[80.5687,28.6881],[80.5905,28.68],[80.5802,28.6615],[80.5974,28.656],[80.5894,28.648],[80.6062,28.6524],[80.6116,28.6395],[80.6333,28.6375],[80.6414,28.6433],[80.6513,28.6341],[80.6676,28.6422],[80.6708,28.6279],[80.6797,28.6211],[80.6775,28.6044],[80.6958,28.6035],[80.6904,28.5876],[80.7145,28.5684],[80.7244,28.5753],[80.7385,28.5664],[80.7383,28.5748],[80.7686,28.5659],[80.7697,28.5499],[80.7896,28.5434],[80.7846,28.5294],[80.7891,28.5245],[80.8154,28.5207],[80.8445,28.4958],[80.8556,28.4976],[80.8659,28.4896],[80.8615,28.5044],[80.8754,28.5107],[80.8961,28.507],[80.9087,28.4981],[80.9015,28.4863],[80.9056,28.4664],[80.9154,28.4576],[80.9141,28.4684],[80.9172,28.46],[80.9305,28.4578],[80.9426,28.4689],[80.932,28.4589],[80.9514,28.4558],[80.9517,28.4476],[80.9642,28.4496],[80.967,28.4572],[80.9802,28.4552],[80.9646,28.4448],[80.965,28.4379],[80.9788,28.4342],[80.9776,28.4424],[80.9889,28.4415],[80.9989,28.4531],[81.0168,28.4513],[81.0126,28.4378],[81.0193,28.4315],[81.0294,28.4388],[81.0342,28.4282],[81.0175,28.4155],[81.0338,28.3989],[81.0357,28.4136],[81.0797,28.3851],[81.2106,28.3608],[81.2345,28.3247],[81.2326,28.2891],[81.3209,28.1976],[81.3213,28.1689],[81.302,28.1648],[81.3121,28.1559],[81.3204,28.1603],[81.3281,28.1481],[81.3183,28.1452],[81.318,28.1337],[81.3711,28.1435],[81.3776,28.1566],[81.367,28.1631],[81.3735,28.1773],[81.4177,28.1737],[81.4467,28.161],[81.4499,28.1409],[81.484,28.1186],[81.4783,28.0827],[81.5474,28.0493],[81.624,28.0016],[81.6438,27.9936],[81.6984,27.9882],[81.8049,27.9033],[81.8341,27.8972],[81.885,27.857],[81.9001,27.8536],[81.9258,27.8598],[81.9252,27.8753],[81.9683,27.9291],[82.07,27.9236],[82.1214,27.8658],[82.1485,27.8584],[82.154,27.8668],[82.2083,27.8436],[82.2304,27.8211],[82.3035,27.7728],[82.3677,27.7429],[82.4017,27.7037],[82.4487,27.6793],[82.4733,27.6767],[82.5166,27.6906],[82.5413,27.6857],[82.5941,27.6974],[82.6052,27.7061],[82.6189,27.7023],[82.6273,27.7114],[82.6552,27.7135],[82.6643,27.7226],[82.6658,27.7159],[82.6809,27.7139],[82.6991,27.722],[82.7051,27.7166],[82.7077,27.7229],[82.7061,27.7017],[82.7183,27.6874],[82.7115,27.6653],[82.7256,27.6586],[82.7289,27.6458],[82.7366,27.6435],[82.7367,27.626],[82.7311,27.6239],[82.7365,27.6224],[82.7351,27.6099],[82.7558,27.5878],[82.7474,27.5725],[82.7508,27.5649],[82.7435,27.5603],[82.7469,27.5556],[82.7378,27.5466],[82.7496,27.5226],[82.7368,27.5179],[82.7355,27.5024],[82.8014,27.4964],[82.8325,27.5019],[82.9293,27.5012],[82.9541,27.4677],[83.0346,27.4487],[83.1879,27.4543],[83.2188,27.4162],[83.2722,27.3833],[83.2654,27.3654],[83.2724,27.3526],[83.2916,27.3349],[83.3176,27.3302],[83.3178,27.3374],[83.3372,27.3326],[83.3592,27.3433],[83.3579,27.3507],[83.3738,27.3572],[83.3746,27.37],[83.3877,27.3756],[83.3845,27.3902],[83.4023,27.4009],[83.4093,27.4128],[83.3839,27.4363],[83.3835,27.4422],[83.3976,27.4482],[83.4017,27.4575],[83.4024,27.4662],[83.3883,27.4708],[83.3922,27.4759],[83.3882,27.4798],[83.6143,27.4694],[83.8318,27.3704],[83.8638,27.3468],[83.8816,27.3677],[83.8833,27.3783],[83.8326,27.4256],[83.847,27.4459],[83.8783,27.4355],[83.9325,27.4501],[83.9471,27.4408],[83.9673,27.4461],[83.9781,27.4397],[83.9967,27.4461],[84.0269,27.4335],[84.0274,27.4397],[84.0516,27.4426],[84.0612,27.4527],[84.0591,27.4616],[84.0697,27.4808],[84.0948,27.489],[84.0977,27.5171],[84.1087,27.5218],[84.1242,27.5108],[84.1459,27.5187],[84.1514,27.5167],[84.1446,27.4964],[84.1491,27.4859],[84.1869,27.4701],[84.2054,27.4704],[84.2089,27.4426],[84.2207,27.4412],[84.2308,27.4563],[84.2543,27.454],[84.2585,27.4392],[84.2731,27.4285],[84.2783,27.4158],[84.2769,27.3958],[84.2831,27.3965],[84.2924,27.3848],[84.3005,27.3907],[84.3331,27.3773],[84.3736,27.3766],[84.3919,27.368],[84.4404,27.3705],[84.4703,27.3547],[84.4764,27.3623],[84.6219,27.3369],[84.6911,27.2148],[84.6847,27.2128],[84.6803,27.2001],[84.6797,27.1852],[84.6857,27.181],[84.6757,27.1712],[84.6812,27.1689],[84.6771,27.1626],[84.6868,27.1584],[84.6805,27.1518],[84.6838,27.1435],[84.6768,27.1152],[84.6698,27.1096],[84.6749,27.1089],[84.6745,27.0959],[84.6644,27.0946],[84.6704,27.0912],[84.6462,27.0756],[84.6434,27.0461],[84.7567,27.0028],[84.7734,27.0177],[84.789,27.0089],[84.7862,26.9985],[84.7936,26.9958],[84.7973,27.0042],[84.8005,27.0009],[84.8081,27.0076],[84.8085,27.0181],[84.8254,27.0209],[84.855,27.0077],[84.8496,26.9977],[84.8578,26.9976],[84.8557,26.9864],[84.888,26.9776],[84.8916,26.9697],[84.9626,26.9605],[84.9785,26.9401],[84.9681,26.9161],[85.0001,26.9119],[85.0023,26.9037],[84.9928,26.903],[85.005,26.8947],[85.0612,26.8866],[85.0562,26.8811],[85.0493,26.8846],[85.0534,26.8806],[85.0427,26.8741],[85.0309,26.8744],[85.0267,26.8624],[85.0308,26.8585],[85.024,26.8544],[85.0575,26.8491],[85.0633,26.8582],[85.0641,26.8495],[85.0782,26.8587],[85.0839,26.8535],[85.0899,26.8597],[85.0865,26.8668],[85.1054,26.8717],[85.1908,26.8698],[85.1912,26.8308],[85.1767,26.8096],[85.1806,26.7956],[85.1929,26.7904],[85.1973,26.7697],[85.211,26.7584],[85.24,26.762],[85.3071,26.7519],[85.3345,26.7417],[85.3554,26.7601],[85.3751,26.7609],[85.4077,26.7913],[85.4262,26.7861],[85.4327,26.7901],[85.4519,26.7814],[85.4779,26.7929],[85.4792,26.8021],[85.4956,26.797],[85.4977,26.8119],[85.5197,26.8146],[85.5433,26.8384],[85.5536,26.8345],[85.5578,26.8443],[85.566,26.8411],[85.5756,26.861],[85.5839,26.8581],[85.5857,26.8474],[85.6239,26.8738],[85.6346,26.8722],[85.6424,26.8533],[85.681,26.8432],[85.7211,26.8204],[85.7345,26.7959],[85.7287,26.7498],[85.734,26.7371],[85.7233,26.6998],[85.7236,26.6742],[85.7367,26.6642],[85.7322,26.6539],[85.7486,26.6389],[85.8018,26.6243],[85.8036,26.615],[85.8177,26.6028],[85.8306,26.6016],[85.8312,26.6115],[85.8513,26.6087],[85.8581,26.5899],[85.8486,26.577],[85.8514,26.5685],[85.8878,26.5832],[85.892,26.5947],[85.9007,26.595],[85.9139,26.6088],[85.9271,26.6098],[85.9291,26.6168],[85.9482,26.614],[85.9464,26.6218],[85.9556,26.6309],[85.9533,26.6437],[85.9601,26.651],[85.9758,26.6585],[86.0116,26.6552],[86.0276,26.6668],[86.0698,26.6573],[86.074,26.6497],[86.1196,26.6301],[86.1388,26.6288],[86.1363,26.6063],[86.1714,26.617],[86.1922,26.6148],[86.1963,26.5939],[86.2055,26.5966],[86.2177,26.5885],[86.2344,26.5907],[86.2527,26.6171],[86.293,26.6131],[86.3079,26.62],[86.3329,26.6191],[86.3448,26.6169],[86.3415,26.6059],[86.3971,26.5933],[86.3952,26.5851],[86.4559,26.568],[86.4986,26.5421],[86.5415,26.5387],[86.5703,26.4966],[86.6211,26.4842],[86.6296,26.4776],[86.6269,26.467],[86.6334,26.4643],[86.6932,26.4512],[86.7003,26.4372],[86.7203,26.4349],[86.7314,26.4226],[86.7472,26.4282],[86.744,26.4356],[86.7665,26.4594],[86.8338,26.4391],[86.8469,26.4419],[86.8459,26.4483],[86.8559,26.4486],[86.8614,26.4579],[86.8734,26.454],[86.8942,26.4619],[86.8917,26.4862],[86.93,26.4897],[86.9322,26.517],[86.9613,26.524],[86.9753,26.5201],[87.0154,26.532],[87.0425,26.5683],[87.0447,26.5872],[87.0718,26.5858],[87.0728,26.542],[87.0917,26.4503],[87.1626,26.4039],[87.1892,26.4053],[87.1858,26.4142],[87.2124,26.413],[87.2191,26.4028],[87.2288,26.4136],[87.2611,26.4093],[87.2663,26.4056],[87.266,26.3739],[87.2895,26.3737],[87.3016,26.3661],[87.3125,26.3716],[87.3411,26.3475],[87.3584,26.3611],[87.3535,26.372],[87.3564,26.3879],[87.3689,26.4079],[87.3762,26.407],[87.3886,26.4191],[87.4279,26.4224],[87.4638,26.4395],[87.5165,26.4308],[87.5477,26.4184],[87.553,26.4057],[87.588,26.3923],[87.5872,26.3819],[87.6048,26.3809],[87.6123,26.3901],[87.6519,26.3935],[87.6502,26.406],[87.6781,26.4158],[87.6776,26.4355],[87.7111,26.4275],[87.7339,26.4076],[87.7393,26.4176],[87.7484,26.418],[87.7539,26.408],[87.7648,26.4099],[87.7762,26.4218],[87.7705,26.4275],[87.7754,26.427],[87.7779,26.4357],[87.773,26.436],[87.7779,26.4422],[87.774,26.4504],[87.7883,26.4607],[87.7895,26.4694],[87.8297,26.45],[87.8283,26.44],[87.8488,26.4365],[87.851,26.4453],[87.8614,26.4489],[87.8584,26.4639],[87.886,26.4764],[87.8883,26.4868],[87.9098,26.4576],[87.8987,26.4487],[87.9251,26.4448],[87.916,26.4318],[87.9258,26.4281],[87.9269,26.4178],[87.966,26.3972],[87.9919,26.3926],[87.9926,26.3694],[88.0067,26.361],[88.0307,26.3649],[88.0274,26.3816],[88.0346,26.3919],[88.0558,26.4004],[88.0601,26.4095],[88.0714,26.4081],[88.0697,26.4136],[88.0956,26.4388],[88.0922,26.4633],[88.1031,26.4656],[88.0979,26.4725],[88.1071,26.4757],[88.1003,26.4802],[88.1055,26.4891],[88.0986,26.5059],[88.0903,26.5072],[88.103,26.5182],[88.1037,26.536],[88.098,26.5378],[88.1116,26.5451],[88.1057,26.5611],[88.1136,26.5587],[88.1127,26.5717],[88.1193,26.5683],[88.1179,26.5746],[88.1237,26.5726],[88.1253,26.5778],[88.1305,26.5739],[88.13,26.6011],[88.1393,26.6066],[88.1422,26.6256],[88.1604,26.6364],[88.1672,26.6992],[88.1817,26.7195],[88.1872,26.7482],[88.1791,26.8162],[88.1678,26.8376],[88.1741,26.8653],[88.1365,26.8985],[88.1448,26.9225],[88.1203,26.9507],[88.1246,26.9718],[88.1347,26.986],[88.1172,26.9875],[88.0923,27.0046],[88.0778,27.0354],[88.0596,27.0294],[88.0379,27.0363],[88.0161,27.0737],[88.0211,27.0878],[88.0027,27.1046],[87.9914,27.1051],[87.987,27.119],[87.9914,27.1308],[88.0074,27.1431],[88.0116,27.1663],[88.0194,27.1712],[88.0126,27.1779],[88.0125,27.2161],[88.031,27.2499],[88.0321,27.2864],[88.0445,27.293],[88.0416,27.304],[88.0524,27.3242],[88.0671,27.3357],[88.0417,27.3727],[88.0469,27.4059],[88.0752,27.4332],[88.0679,27.4384],[88.0726,27.4458],[88.0645,27.4536],[88.067,27.4579],[88.0443,27.4782],[88.0442,27.4959],[88.062,27.5122],[88.0585,27.5204],[88.0663,27.5273],[88.0588,27.5349],[88.0812,27.5651],[88.0755,27.5717],[88.0818,27.584],[88.114,27.6103],[88.1204,27.6452],[88.1447,27.6649],[88.1543,27.6919],[88.1478,27.7029],[88.1564,27.7362],[88.1786,27.7462],[88.1823,27.7757],[88.1973,27.7914],[88.1736,27.8202],[88.2023,27.8372],[88.1966,27.8537],[88.1792,27.8564],[88.1333,27.8821],[88.1382,27.8896],[88.1203,27.9158],[88.1386,27.9379],[88.1326,27.9492],[88.146,27.9644],[88.1846,27.943],[88.2069,27.9411],[88.2098,27.9623],[88.2251,27.9606],[88.2372,27.9707],[88.2501,27.9411],[88.2652,27.9567],[88.2764,27.9556],[88.2876,27.9675],[88.3068,27.9665],[88.3153,27.9776],[88.3305,27.9728],[88.3318,27.9816],[88.3474,27.9888],[88.3744,27.9894],[88.3796,27.982],[88.3969,27.9777],[88.4078,27.9821],[88.4144,27.9997],[88.4682,28.0165],[88.4799,28.0435],[88.4891,28.0452],[88.4947,28.0544],[88.508,28.0422],[88.5194,28.044],[88.5218,28.0363],[88.5479,28.0358],[88.5548,28.0736],[88.5512,28.0824],[88.566,28.0914],[88.5836,28.0841],[88.6005,28.0899],[88.6064,28.0996],[88.6184,28.0997],[88.6088,28.1294],[88.6319,28.1224],[88.6702,28.0743],[88.6784,28.0724],[88.6862,28.08],[88.7572,28.0785],[88.7776,28.0571],[88.7946,28.0516],[88.8163,28.0243],[88.8374,28.0177],[88.8435,27.9927],[88.8363,27.9292],[88.8602,27.9285],[88.867,27.9196],[88.8714,27.9006],[88.8819,27.889],[88.877,27.8774],[88.8871,27.8565],[88.8801,27.8299],[88.8564,27.8159],[88.8603,27.8019],[88.8538,27.7557],[88.8682,27.7422],[88.8551,27.715],[88.8386,27.7047],[88.8474,27.697],[88.8415,27.6812],[88.8519,27.6717],[88.8301,27.6449],[88.8138,27.6401],[88.8057,27.6234],[88.8116,27.6185],[88.8104,27.5993],[88.7905,27.5846],[88.7931,27.5751],[88.7661,27.5664],[88.7789,27.5317],[88.7935,27.5298],[88.7945,27.5246],[88.7768,27.4675],[88.7823,27.4499],[88.7946,27.4457],[88.795,27.4283],[88.809,27.4237],[88.8056,27.4065],[88.8213,27.3991],[88.8211,27.3928],[88.8376,27.3781],[88.8605,27.3871],[88.8654,27.3653],[88.8811,27.3596],[88.8821,27.344],[88.9061,27.3272],[88.9159,27.3298],[88.9193,27.3206],[88.9088,27.304],[88.9136,27.2901],[88.9033,27.2726],[88.8791,27.2611],[88.8314,27.2622],[88.8031,27.2478],[88.8033,27.22],[88.788,27.1841],[88.7646,27.177],[88.7572,27.1654],[88.7604,27.1527],[88.7461,27.1443],[88.7737,27.1353],[88.802,27.1395],[88.8117,27.1269],[88.8425,27.1112],[88.87,27.1098],[88.875,27.0704],[88.8812,27.062],[88.8703,26.9957],[88.8771,26.9444],[88.9217,26.9939],[88.9525,26.9684],[88.9536,26.9473],[88.9439,26.9341],[88.9803,26.9172],[89.0216,26.9407],[89.03,26.9231],[89.0509,26.916],[89.0489,26.8991],[89.0694,26.9037],[89.0957,26.8917],[89.0925,26.8726],[89.1062,26.8604],[89.1007,26.8425],[89.1345,26.8076],[89.1763,26.8191],[89.1935,26.8108],[89.229,26.8183],[89.2624,26.8138],[89.2746,26.8287],[89.3185,26.8513],[89.3268,26.8432],[89.379,26.8622],[89.3898,26.8419],[89.4229,26.836],[89.4395,26.8403],[89.4504,26.8308],[89.4501,26.818],[89.4695,26.8027],[89.4946,26.8032],[89.5122,26.8143],[89.5602,26.8129],[89.5659,26.7994],[89.614,26.786],[89.6209,26.7775],[89.6318,26.7831],[89.6499,26.7767],[89.6533,26.7669],[89.6439,26.7603],[89.6435,26.7485],[89.6224,26.7389],[89.6174,26.7293],[89.6238,26.7184],[89.6351,26.725],[89.6579,26.7187],[89.6718,26.7398],[89.6899,26.7331],[89.7003,26.7373],[89.7241,26.7223],[89.7528,26.7353],[89.7587,26.7288],[89.7548,26.7175],[89.7714,26.701],[89.8123,26.7106],[89.8631,26.7006],[89.8629,26.7371],[89.8984,26.7243],[90.0496,26.7304],[90.1945,26.7733],[90.1877,26.8068],[90.2008,26.8353],[90.2252,26.8548],[90.2488,26.859],[90.3003,26.8482],[90.3478,26.8753],[90.3572,26.9007],[90.4175,26.9045],[90.5466,26.8166],[90.6344,26.7938],[90.6466,26.7766],[90.676,26.7841],[90.6933,26.7706],[90.7173,26.7683],[90.7424,26.7748],[90.9565,26.7878],[90.9569,26.7816],[90.9919,26.7906],[91.0541,26.781],[91.0976,26.822],[91.1459,26.8109],[91.2369,26.812],[91.2771,26.8003],[91.2966,26.787],[91.3372,26.7809],[91.376,26.7952],[91.4076,26.8396],[91.4456,26.8122],[91.4951,26.7912],[91.5924,26.8052],[91.6255,26.8209],[91.6898,26.8065],[91.7206,26.8117],[91.8241,26.864],[91.8591,26.9133],[91.8917,26.9191],[91.9642,26.8825],[91.9835,26.8582],[92.0567,26.8474],[92.1027,26.8672],[92.1019,26.8811],[92.1167,26.8975],[92.1186,26.9423],[92.1135,26.9505],[92.121,26.9604],[92.1181,26.9744],[92.1048,26.9799],[92.1035,27.004],[92.0784,27.0174],[92.0817,27.0408],[92.0441,27.0514],[92.0305,27.081],[92.0302,27.0998],[92.0231,27.1096],[92.0356,27.1396],[92.0267,27.1683],[92.0584,27.1903],[92.0726,27.2331],[92.0592,27.2518],[92.0377,27.2574],[92.0453,27.269],[92.0738,27.2785],[92.0869,27.2693],[92.1199,27.2718],[92.1228,27.2874],[92.0881,27.3051],[92.0646,27.327],[92.0625,27.3422],[92.0482,27.3631],[92.0585,27.3997],[92.0437,27.4148],[92.0425,27.4352],[92.0268,27.4401],[92.0222,27.448],[92.0163,27.4808],[91.9947,27.4785],[91.9891,27.4675],[91.9789,27.4633],[91.9728,27.4672],[91.9534,27.46],[91.9436,27.4597],[91.9231,27.474],[91.8979,27.4712],[91.8877,27.4762],[91.8716,27.4708],[91.8644,27.4829],[91.8486,27.4865],[91.8253,27.4679],[91.7982,27.4743],[91.767,27.4648],[91.7681,27.4737],[91.763,27.475],[91.7327,27.4694],[91.7146,27.4745],[91.7136,27.4935],[91.6951,27.5053],[91.6525,27.483],[91.645,27.502],[91.624,27.5141],[91.6123,27.5437],[91.5951,27.5412],[91.5822,27.5568],[91.5834,27.5655],[91.566,27.5839],[91.5844,27.6082],[91.5622,27.6319],[91.5731,27.6607],[91.5938,27.6701],[91.6072,27.6908],[91.6285,27.6994],[91.6268,27.7158],[91.6374,27.7304],[91.6346,27.745],[91.6451,27.7694],[91.6351,27.8029],[91.6146,27.8218],[91.6004,27.8227],[91.581,27.812],[91.5667,27.8179],[91.554,27.8463],[91.5563,27.8562],[91.5699,27.848],[91.5764,27.8644],[91.6073,27.852],[91.668,27.8527],[91.6988,27.8147],[91.7337,27.8001],[91.7696,27.796],[91.8028,27.804],[91.8127,27.7994],[91.8235,27.8083],[91.8302,27.786],[91.8459,27.7769],[91.8516,27.7534],[91.8737,27.7243],[91.903,27.7297],[91.9237,27.7173],[91.9898,27.769],[92.0034,27.7709],[92.0492,27.7582],[92.1513,27.8316],[92.2212,27.864],[92.2458,27.868],[92.2679,27.8637],[92.2775,27.8528],[92.2879,27.8126],[92.3104,27.7784],[92.3825,27.7946],[92.3886,27.8153],[92.4157,27.8194],[92.4414,27.8064],[92.456,27.8089],[92.4999,27.8455],[92.5205,27.8432],[92.536,27.8255],[92.5557,27.8174],[92.6165,27.8877],[92.6684,27.9021],[92.7382,27.9876],[92.7404,27.9969],[92.7199,28.0168],[92.7086,28.0404],[92.663,28.0681],[92.6873,28.1291],[92.7599,28.1695],[92.8137,28.2104],[92.8201,28.184],[92.8335,28.1758],[92.8977,28.2085],[92.9211,28.2391],[92.9637,28.2613],[92.9767,28.2579],[92.9996,28.2356],[93.0298,28.2691],[93.0235,28.2981],[93.0288,28.3098],[93.0949,28.3079],[93.1313,28.3302],[93.1756,28.3199],[93.2215,28.3275],[93.229,28.4062],[93.1886,28.4319],[93.1847,28.4415],[93.2152,28.4571],[93.2347,28.4796],[93.2797,28.5066],[93.294,28.5515],[93.3079,28.5696],[93.3027,28.5935],[93.3171,28.606],[93.331,28.6084],[93.339,28.638],[93.3624,28.638],[93.4197,28.6528],[93.4513,28.674],[93.4756,28.6521],[93.4834,28.6772],[93.4949,28.6834],[93.5216,28.6738],[93.5302,28.6587],[93.5756,28.6546],[93.6418,28.6574],[93.6863,28.6755],[93.7344,28.6858],[93.7483,28.6842],[93.7771,28.6661],[93.8437,28.7074],[93.8577,28.7047],[93.9029,28.6762],[93.9301,28.6701],[93.9631,28.7124],[93.9697,28.7499],[93.9962,28.7724],[93.996,28.7916],[93.986,28.8049],[93.9957,28.8199],[93.9962,28.8429],[94.0282,28.8539],[94.0454,28.8779],[94.1511,28.9592],[94.1674,29.0015],[94.2181,29.0816],[94.2964,29.1474],[94.3377,29.147],[94.3659,29.1559],[94.3789,29.1887],[94.4335,29.2255],[94.4718,29.219],[94.5476,29.222],[94.5751,29.2502],[94.5815,29.2755],[94.612,29.3004],[94.634,29.3459],[94.6883,29.3242],[94.7505,29.2705],[94.799,29.2162],[94.7941,29.1898],[94.805,29.1668],[94.8482,29.1774],[94.9083,29.1779],[94.9189,29.1585],[94.9644,29.1595],[95.0239,29.1306],[95.0149,29.1465],[94.9821,29.1698],[94.9901,29.1719],[95.0399,29.1502],[95.0946,29.1415],[95.1245,29.1146],[95.1884,29.1045],[95.2484,29.1085],[95.2525,29.08],[95.2472,29.0696],[95.2623,29.0533],[95.2991,29.0601],[95.363,29.0381],[95.416,29.0321],[95.4339,29.0393],[95.4473,29.0313],[95.4879,29.0805],[95.4943,29.1399],[95.5417,29.1294],[95.545,29.1757],[95.5335,29.2119],[95.5846,29.2152],[95.5863,29.249],[95.5925,29.2574],[95.6317,29.2472],[95.6831,29.2796],[95.6976,29.3009],[95.718,29.3001],[95.7302,29.308],[95.7792,29.3583],[95.7918,29.3392],[95.7984,29.3391],[95.8251,29.358],[95.8426,29.3547],[95.8728,29.3931],[95.9546,29.384],[95.9807,29.4091],[96.0119,29.4166],[96.048,29.4544],[96.0854,29.4593],[96.1031,29.4468],[96.1267,29.4107],[96.1497,29.3992],[96.1822,29.349],[96.1858,29.3047],[96.2272,29.2459],[96.3013,29.2422],[96.3165,29.2563],[96.3547,29.2675],[96.3606,29.2812],[96.373,29.2835],[96.3839,29.2751],[96.3954,29.2466],[96.3514,29.1722],[96.3245,29.1627],[96.2442,29.1524],[96.2217,29.1363],[96.1849,29.0893],[96.1217,29.0709],[96.1541,29.0385],[96.1773,28.9921],[96.1776,28.9635],[96.1515,28.9527],[96.1433,28.9289],[96.1639,28.9045],[96.1665,28.8921],[96.236,28.9267],[96.2827,28.9816],[96.3458,29.0214],[96.4423,29.0299],[96.4886,29.0558],[96.5222,29.0668],[96.4731,28.9773],[96.4884,28.9522],[96.5187,28.958],[96.5171,28.94],[96.5355,28.9046],[96.5333,28.8751],[96.6063,28.7843],[96.6136,28.7665],[96.6031,28.7306],[96.5863,28.7088],[96.5675,28.6991],[96.5144,28.6892],[96.4921,28.6743],[96.467,28.6709],[96.4869,28.6319],[96.4818,28.6191],[96.4529,28.6033],[96.4215,28.5734],[96.3985,28.5695],[96.394,28.547],[96.3409,28.5404],[96.3185,28.5186],[96.3252,28.5062],[96.3552,28.4861],[96.3569,28.4687],[96.252,28.3939],[96.2894,28.3887],[96.3016,28.3689],[96.3618,28.3744],[96.3667,28.351],[96.3915,28.3266],[96.4157,28.3334],[96.4225,28.3705],[96.4567,28.4058],[96.5003,28.4019],[96.5698,28.4458],[96.6504,28.45],[96.6834,28.4294],[96.7391,28.4095],[96.77,28.361],[96.8369,28.3567],[96.8878,28.3782],[96.9066,28.3637],[96.9181,28.3428],[96.9465,28.3324],[96.99,28.3045],[97.0258,28.3212],[97.0486,28.3416],[97.0791,28.3516],[97.1135,28.3445],[97.1377,28.3326],[97.1728,28.2862],[97.2169,28.2895],[97.2479,28.2656],[97.29,28.2656],[97.351,28.2278],[97.3751,28.2205],[97.3959,28.19],[97.3938,28.1848],[97.3719,28.1916],[97.358,28.1891],[97.3494,28.1714],[97.3261,28.15],[97.3257,28.1396],[97.343,28.1145],[97.3098,28.0856],[97.307,28.0744],[97.3092,28.0651],[97.3233,28.0568],[97.3743,28.0628],[97.3698,28.046],[97.3752,28.0353],[97.4074,28.0187],[97.4011,28.0067],[97.3844,28.0001],[97.3859,27.9871],[97.3663,27.9757],[97.3641,27.9681],[97.378,27.9499],[97.3699,27.9395],[97.3748,27.927],[97.3718,27.911],[97.3822,27.8931],[97.3618,27.8736],[97.3423,27.8862],[97.3221,27.8885],[97.3173,27.9035],[97.3019,27.9162],[97.2871,27.9071],[97.2796,27.9103],[97.2485,27.8991],[97.2304,27.8756],[97.1858,27.8418],[97.1851,27.8308],[97.1704,27.8295],[97.1693,27.8152],[97.1409,27.8047],[97.1257,27.7861],[97.1164,27.7848],[97.1005,27.7654],[97.1011,27.7506],[97.0893,27.7339],[97.065,27.749],[97.0483,27.7397],[97.032,27.7485],[97.0312,27.742],[97.019,27.7383],[97.018,27.7271],[96.9871,27.686],[96.9845,27.6658],[96.9342,27.6602],[96.9215,27.6321],[96.9042,27.6137],[96.8942,27.6155],[96.8897,27.6067],[96.8912,27.5797],[96.9099,27.5778],[96.9083,27.5429],[96.919,27.538],[96.9299,27.5155],[96.9106,27.4865],[96.903,27.4527],[96.9327,27.4304],[96.9344,27.4158],[96.9605,27.4041],[96.9676,27.3807],[96.9622,27.373],[96.9787,27.3565],[96.9811,27.3454],[96.9906,27.3437],[96.9985,27.3188],[97.0286,27.3073],[97.0414,27.2817],[97.0546,27.2749],[97.0551,27.2654],[97.0864,27.2375],[97.089,27.212],[97.1203,27.1885],[97.123,27.1728],[97.1455,27.1635],[97.1494,27.1481],[97.1623,27.1404],[97.1601,27.1214],[97.1483,27.1157],[97.1368,27.0896],[97.0993,27.1069],[97.0934,27.102],[97.0953,27.0945],[97.075,27.0973],[97.0702,27.0883],[97.062,27.09],[97.0607,27.0972],[97.0322,27.1167],[97.0288,27.13],[96.9925,27.1404],[96.9848,27.1544],[96.9553,27.1643],[96.9319,27.1615],[96.9005,27.1688],[96.8743,27.1805],[96.8571,27.1923],[96.8546,27.21],[96.8854,27.226],[96.885,27.2593],[96.863,27.2595],[96.8471,27.2712],[96.8482,27.2901],[96.8226,27.3082],[96.7967,27.3457],[96.7669,27.357],[96.7516,27.3525],[96.7044,27.3721],[96.6975,27.3577],[96.6056,27.3655],[96.5915,27.3482],[96.5963,27.3334],[96.5884,27.3355],[96.5645,27.3183],[96.5511,27.318],[96.5432,27.302],[96.5241,27.2861],[96.518,27.2854],[96.5083,27.2988],[96.4905,27.3024],[96.488,27.2961],[96.462,27.3061],[96.4511,27.3012],[96.4407,27.3063],[96.4217,27.3016],[96.4081,27.2875],[96.4026,27.2929],[96.3867,27.2843],[96.3526,27.2948],[96.3409,27.2849],[96.3075,27.2941],[96.2745,27.2833],[96.2713,27.2714],[96.2283,27.2786],[96.2092,27.261],[96.194,27.2615],[96.1856,27.2492],[96.1558,27.2484],[96.0909,27.2233],[96.0768,27.2078],[96.0639,27.2057],[96.0231,27.1801],[96.0106,27.1425],[95.9687,27.0999],[95.9462,27.0519],[95.9106,27.0366],[95.9044,27.0389],[95.8951,27.0264],[95.8786,27.0226],[95.8701,27.0126],[95.8429,27.014],[95.8301,27.0076],[95.8021,27.0146],[95.7965,26.9977],[95.7835,26.9907],[95.7812,26.9778],[95.7679,26.9766],[95.7549,26.954],[95.7601,26.9368],[95.7477,26.9258],[95.7511,26.909],[95.7449,26.8976],[95.723,26.8815],[95.7064,26.8806],[95.6948,26.8921],[95.6673,26.9029],[95.6447,26.8767],[95.632,26.8736],[95.6272,26.8434],[95.6083,26.813],[95.5712,26.816],[95.5569,26.8327],[95.5432,26.8356],[95.5249,26.8227],[95.5229,26.8138],[95.5071,26.8084],[95.5051,26.7921],[95.4827,26.7464],[95.4741,26.7403],[95.459,26.7425],[95.4323,26.7156],[95.4305,26.7002],[95.4033,26.6942],[95.3947,26.6846],[95.3731,26.6831],[95.3606,26.6706],[95.3356,26.6741],[95.3039,26.6507],[95.275,26.6585],[95.2595,26.6551],[95.257,26.6763],[95.2491,26.6836],[95.2339,26.6827],[95.2094,26.6487],[95.181,26.6428],[95.1671,26.6346],[95.1639,26.6219],[95.1494,26.6159],[95.1469,26.5928],[95.1545,26.5832],[95.1394,26.5566],[95.1262,26.5582],[95.1077,26.5416],[95.1145,26.5178],[95.0724,26.4722],[95.0618,26.45],[95.0655,26.4418],[95.0729,26.4481],[95.0843,26.4471],[95.1038,26.4206],[95.0965,26.4012],[95.0997,26.3936],[95.1256,26.3878],[95.1322,26.378],[95.1213,26.3498],[95.1285,26.3393],[95.1225,26.3072],[95.1286,26.2967],[95.1198,26.2636],[95.1274,26.2537],[95.1147,26.2328],[95.1425,26.2115],[95.1221,26.1854],[95.1267,26.1775],[95.1171,26.159],[95.1265,26.1289],[95.1156,26.1127],[95.1178,26.1016],[95.1507,26.0865],[95.1649,26.0923],[95.1855,26.0727],[95.1637,26.0481],[95.1594,26.0253],[95.126,25.9857],[95.117,25.9851],[95.1143,25.9749],[95.0894,25.9503],[95.0566,25.9391],[95.0441,25.9267],[95.0312,25.9308],[95.0289,25.9137],[95.0116,25.8979],[95.0194,25.8807],[95.0091,25.8667],[95.0304,25.8385],[95.0335,25.8139],[95.0499,25.8003],[95.0441,25.7738],[95.049,25.7595],[95.0399,25.7412],[95.0027,25.7288],[94.9698,25.6884],[94.9361,25.6679],[94.9229,25.6456],[94.9151,25.6076],[94.8816,25.591],[94.8986,25.5651],[94.8459,25.562],[94.8255,25.5424],[94.8253,25.5241],[94.8122,25.5114],[94.8062,25.4918],[94.7884,25.4894],[94.7839,25.4805],[94.7625,25.4815],[94.7516,25.494],[94.7449,25.4821],[94.7184,25.4691],[94.6834,25.4662],[94.6711,25.4422],[94.6699,25.4182],[94.6597,25.406],[94.6489,25.4065],[94.6349,25.3956],[94.6346,25.3574],[94.6225,25.346],[94.5851,25.2666],[94.5896,25.256],[94.5855,25.2294],[94.5755,25.2139],[94.606,25.1813],[94.6208,25.1866],[94.64,25.1661],[94.6641,25.1628],[94.6802,25.1492],[94.69,25.1577],[94.7155,25.1378],[94.737,25.1346],[94.7411,25.1263],[94.7364,25.1099],[94.7453,25.0822],[94.738,25.0653],[94.7449,25.06],[94.7441,25.0369],[94.7268,24.9993],[94.7061,24.9859],[94.6968,24.9682],[94.7136,24.9342],[94.7022,24.9296],[94.6875,24.8887],[94.6739,24.8748],[94.6563,24.8704],[94.6498,24.8548],[94.6325,24.8392],[94.6302,24.8049],[94.6185,24.7849],[94.6297,24.7579],[94.6131,24.7407],[94.6055,24.7123],[94.5853,24.7054],[94.5776,24.7118],[94.5778,24.7242],[94.5655,24.7055],[94.5595,24.712],[94.5402,24.7069],[94.545,24.6821],[94.5391,24.6431],[94.5066,24.594],[94.4536,24.5654],[94.4236,24.4834],[94.396,24.4829],[94.4024,24.4615],[94.3947,24.4551],[94.4035,24.4379],[94.397,24.4086],[94.3584,24.3933],[94.3798,24.3774],[94.3494,24.3364],[94.3176,24.3302],[94.3226,24.2795],[94.3021,24.2379],[94.2886,24.2344],[94.2767,24.1694],[94.2618,24.164],[94.2507,24.1281],[94.256,24.0865],[94.2418,24.0574],[94.2309,24.0637],[94.2275,24.0596],[94.2399,24.0391],[94.2031,23.9758],[94.1926,23.9363],[94.1702,23.9292],[94.1558,23.8476],[94.142,23.8466],[94.1428,23.8352],[94.1195,23.8363],[94.0979,23.8862],[94.0818,23.8794],[94.068,23.8874],[94.0509,23.8869],[94.0157,23.9249],[93.9611,23.9281],[93.9446,23.946],[93.9309,23.95],[93.8937,23.9533],[93.8838,23.9424],[93.8591,23.9321],[93.8195,23.9235],[93.8075,23.927],[93.7998,23.9327],[93.7979,23.9473],[93.7719,23.9688],[93.7616,23.9999],[93.7544,24.0052],[93.7416,23.9968],[93.74,24.0023],[93.724,23.9973],[93.6907,24.0086],[93.6632,24.0016],[93.6544,24.0026],[93.6539,24.0089],[93.6232,24.0108],[93.6118,23.9973],[93.608,23.9716],[93.5989,23.9725],[93.5917,23.9608],[93.5734,23.967],[93.5708,23.9777],[93.56,23.9822],[93.5502,23.9593],[93.5251,23.9563],[93.515,23.9427],[93.5051,23.9422],[93.4635,23.9736],[93.4637,23.9942],[93.4532,23.9996],[93.4531,24.0136],[93.4408,24.0147],[93.4331,24.024],[93.4169,24.0714],[93.399,24.0852],[93.3581,24.091],[93.3488,24.1047],[93.3419,24.102],[93.3541,24.0911],[93.335,24.0901],[93.3285,24.0812],[93.3385,24.0616],[93.3259,24.046],[93.3379,24.0398],[93.3259,24.0293],[93.339,24.0215],[93.3296,24.0204],[93.3374,23.9893],[93.3284,23.9854],[93.3394,23.9807],[93.3369,23.9756],[93.3433,23.9751],[93.341,23.9698],[93.3507,23.9622],[93.3508,23.9417],[93.3603,23.9451],[93.3693,23.93],[93.3809,23.9345],[93.3933,23.9289],[93.3851,23.848],[93.3901,23.818],[93.4019,23.8126],[93.4034,23.8046],[93.3918,23.7562],[93.4112,23.7293],[93.4075,23.7069],[93.4198,23.7011],[93.4257,23.6889],[93.4371,23.6866],[93.4165,23.6476],[93.4246,23.6295],[93.4205,23.6116],[93.4286,23.5888],[93.4221,23.5714],[93.4098,23.5636],[93.4185,23.54],[93.4087,23.5173],[93.3947,23.5038],[93.3925,23.4788],[93.3993,23.4719],[93.3922,23.4574],[93.3948,23.4481],[93.388,23.4464],[93.3883,23.4208],[93.4016,23.3837],[93.3865,23.3741],[93.3912,23.37],[93.3876,23.3594],[93.3559,23.3525],[93.3583,23.3425],[93.3729,23.3296],[93.3669,23.3222],[93.3716,23.3135],[93.3638,23.3132],[93.3716,23.3096],[93.3651,23.3063],[93.3699,23.2872],[93.3626,23.2791],[93.3692,23.2761],[93.3657,23.2692],[93.3736,23.2613],[93.3695,23.2504],[93.3766,23.2479],[93.3813,23.2243],[93.3886,23.2169],[93.3806,23.2154],[93.3754,23.2042],[93.3806,23.1866],[93.3686,23.1753],[93.3682,23.1441],[93.3867,23.1441],[93.3856,23.1338],[93.3774,23.1329],[93.3631,23.1151],[93.3555,23.1162],[93.354,23.0969],[93.3445,23.0925],[93.339,23.0744],[93.3518,23.0704],[93.3406,23.0678],[93.3429,23.0583],[93.3341,23.0594],[93.3333,23.0488],[93.3269,23.0471],[93.3136,23.0199],[93.3043,23.0204],[93.2934,23.0068],[93.2293,23.0114],[93.2298,23.0195],[93.215,23.027],[93.2096,23.0483],[93.2014,23.0547],[93.189,23.0517],[93.1845,23.0594],[93.1555,23.0432],[93.1514,23.0538],[93.1402,23.0533],[93.1362,23.0605],[93.1354,23.0484],[93.1267,23.0439],[93.1202,23.0022],[93.1404,22.9904],[93.1435,22.9741],[93.1356,22.9705],[93.1411,22.9585],[93.1378,22.951],[93.1457,22.9445],[93.1482,22.9249],[93.1644,22.9107],[93.1508,22.908],[93.1395,22.9137],[93.1309,22.9059],[93.1342,22.8913],[93.1172,22.863],[93.1179,22.8428],[93.1098,22.8333],[93.112,22.828],[93.1034,22.8245],[93.1105,22.8182],[93.0943,22.8061],[93.1071,22.7499],[93.091,22.7047],[93.1019,22.6837],[93.0945,22.6802],[93.0953,22.6731],[93.1098,22.6558],[93.1079,22.6368],[93.1285,22.6238],[93.1408,22.5923],[93.1381,22.5826],[93.1122,22.5574],[93.1125,22.5325],[93.1066,22.5266],[93.1286,22.5234],[93.1241,22.5083],[93.1348,22.4919],[93.1312,22.4676],[93.1387,22.4545],[93.1641,22.4506],[93.1855,22.4273],[93.1817,22.4187],[93.1875,22.4032],[93.182,22.3944],[93.1898,22.3824],[93.1835,22.372],[93.1881,22.3645],[93.1858,22.3399],[93.1967,22.3288],[93.189,22.3227],[93.1957,22.3143],[93.1905,22.3095],[93.1953,22.3014],[93.1896,22.3008],[93.1992,22.2942],[93.1936,22.2881],[93.2019,22.2631],[93.1986,22.2551],[93.1769,22.2456],[93.1635,22.2499],[93.1421,22.2455],[93.1401,22.2343],[93.152,22.2173],[93.1487,22.2117],[93.1615,22.1965],[93.1509,22.1763],[93.1237,22.1737],[93.1111,22.2043],[93.0885,22.1967],[93.0632,22.2073],[93.0381,22.1952],[93.049,22.1692],[93.0371,22.1444],[93.0442,22.1435],[93.0395,22.1389],[93.0571,22.1213],[93.0595,22.1011],[93.0043,22.1034],[93.0118,22.0884],[92.9925,22.0387],[93.0043,22.017],[93.0075,21.9824],[92.9809,21.9801],[92.9779,21.9976],[92.9647,22.0106],[92.9607,22.0255],[92.9519,22.0298],[92.9397,22.0136],[92.9268,22.0151],[92.9354,22.0057],[92.9208,21.992],[92.9063,21.9405],[92.8908,22.0118],[92.8638,22.0269],[92.8635,22.0628],[92.8526,22.0666],[92.8409,22.0598],[92.8367,22.072],[92.8178,22.0757],[92.8103,22.096],[92.7974,22.0942],[92.7906,22.105],[92.7715,22.1094],[92.761,22.1257],[92.7358,22.1341],[92.7268,22.1491],[92.7124,22.1474],[92.6998,22.1551],[92.6949,22.1531],[92.6958,22.1377],[92.692,22.1391],[92.6904,22.0721],[92.6881,22.1035],[92.6817,22.1038],[92.6853,22.0413],[92.68,22.0116],[92.6522,22.016],[92.6347,21.9832],[92.6032,21.9776],[92.6128,21.9901],[92.5981,22.009],[92.6001,22.0284],[92.5926,22.0374],[92.5991,22.0423],[92.6027,22.0611],[92.5922,22.0656],[92.5751,22.1162],[92.5626,22.128],[92.5657,22.1348],[92.5774,22.1364],[92.5785,22.1434],[92.5926,22.1388],[92.589,22.1314],[92.5945,22.1251],[92.6057,22.1234],[92.6092,22.164],[92.6071,22.1725],[92.5952,22.1754],[92.5948,22.2042],[92.588,22.216],[92.5908,22.2555],[92.581,22.2692],[92.5866,22.2802],[92.5818,22.2818],[92.5834,22.3039],[92.5773,22.3112],[92.5812,22.3218],[92.5593,22.3819],[92.5598,22.4018],[92.5521,22.409],[92.5507,22.4226],[92.5564,22.4251],[92.5512,22.4274],[92.5554,22.4292],[92.5433,22.4933],[92.5499,22.4973],[92.5426,22.4988],[92.5493,22.5014],[92.5466,22.5099],[92.5513,22.5133],[92.5434,22.5142],[92.54,22.5406],[92.5217,22.5599],[92.5273,22.573],[92.5381,22.5751],[92.5385,22.5859],[92.5344,22.5852],[92.533,22.5878],[92.5394,22.5891],[92.5304,22.6035],[92.5354,22.6117],[92.5274,22.6208],[92.5326,22.6275],[92.5249,22.6401],[92.5287,22.6652],[92.5139,22.708],[92.5132,22.7328],[92.4887,22.7463],[92.4738,22.7462],[92.4794,22.7528],[92.4691,22.7825],[92.4723,22.7959],[92.4542,22.8189],[92.4619,22.8308],[92.4529,22.843],[92.4632,22.8417],[92.4565,22.851],[92.4645,22.8547],[92.4616,22.8615],[92.4527,22.8622],[92.4605,22.8709],[92.4485,22.8764],[92.4492,22.895],[92.4337,22.8858],[92.4203,22.9183],[92.413,22.9134],[92.4041,22.9178],[92.4011,22.912],[92.3976,22.9297],[92.3764,22.9286],[92.3718,22.9362],[92.3782,22.9521],[92.3743,22.9706],[92.385,22.9861],[92.3825,23.0333],[92.3924,23.0565],[92.3801,23.0863],[92.3751,23.0844],[92.3702,23.0965],[92.358,23.1033],[92.3682,23.1273],[92.357,23.1342],[92.3644,23.1566],[92.3545,23.1785],[92.3613,23.1826],[92.3533,23.1857],[92.3539,23.2198],[92.3468,23.2357],[92.4042,23.2407],[92.3955,23.2487],[92.3982,23.2561],[92.3895,23.2596],[92.3887,23.2661],[92.3948,23.2646],[92.3881,23.2813],[92.3812,23.2851],[92.3857,23.3062],[92.3761,23.3199],[92.3674,23.3229],[92.368,23.3171],[92.3644,23.3229],[92.3807,23.3512],[92.3791,23.3618],[92.3693,23.367],[92.3705,23.3736],[92.3639,23.3662],[92.3564,23.3723],[92.3651,23.3796],[92.3527,23.3809],[92.3588,23.3907],[92.3545,23.3891],[92.3529,23.3994],[92.3574,23.4107],[92.3478,23.4128],[92.3465,23.4332],[92.3339,23.4288],[92.3271,23.4485],[92.3333,23.4559],[92.3255,23.4591],[92.3318,23.4661],[92.3171,23.4717],[92.3262,23.4788],[92.3161,23.4868],[92.3228,23.501],[92.3177,23.5172],[92.3136,23.5155],[92.3179,23.5263],[92.3063,23.535],[92.3135,23.555],[92.3067,23.5645],[92.3082,23.5777],[92.3014,23.5929],[92.2965,23.588],[92.2873,23.596],[92.2873,23.6167],[92.2958,23.6216],[92.2807,23.6306],[92.2786,23.6249],[92.2818,23.6386],[92.273,23.6419],[92.2915,23.6812],[92.2894,23.7018],[92.2786,23.7098],[92.2791,23.7164],[92.2658,23.7247],[92.241,23.7207],[92.2363,23.7132],[92.2421,23.6949],[92.232,23.6847],[92.2331,23.6676],[92.2256,23.6551],[92.2163,23.6519],[92.2066,23.661],[92.2063,23.6752],[92.2137,23.6849],[92.2029,23.7057],[92.1861,23.711],[92.1777,23.7076],[92.1696,23.7232],[92.1708,23.7392],[92.1487,23.7356],[92.1208,23.6927],[92.1062,23.6887],[92.0997,23.6767],[92.083,23.6801],[92.0763,23.668],[92.0792,23.6485],[92.0633,23.645],[92.042,23.6479],[92.0223,23.6581],[92.0238,23.6627],[92.0087,23.6635],[92.0062,23.6711],[92.0,23.6713],[91.9783,23.7331],[91.9673,23.7294],[91.957,23.734],[91.9482,23.714],[91.9507,23.6996],[91.9579,23.6944],[91.9413,23.6936],[91.934,23.6846],[91.9467,23.646],[91.9424,23.6338],[91.9543,23.6096],[91.9568,23.5513],[91.9646,23.5353],[91.9563,23.5257],[91.971,23.503],[91.9704,23.4783],[91.9583,23.4794],[91.9587,23.4729],[91.9367,23.4666],[91.9426,23.435],[91.8997,23.4406],[91.8606,23.4052],[91.845,23.4047],[91.8419,23.3883],[91.8362,23.3864],[91.8376,23.3706],[91.8256,23.3631],[91.8251,23.3523],[91.7624,23.3029],[91.7614,23.2771],[91.7771,23.2692],[91.7805,23.247],[91.7762,23.2432],[91.7836,23.2433],[91.7911,23.2268],[91.7889,23.2044],[91.8101,23.1651],[91.8061,23.1573],[91.8142,23.1451],[91.8081,23.1355],[91.8148,23.1333],[91.8109,23.1217],[91.8181,23.112],[91.8135,23.0992],[91.8358,23.093],[91.8147,23.0806],[91.8184,23.0727],[91.806,23.063],[91.7941,23.0623],[91.7895,23.0717],[91.789,23.0672],[91.7745,23.0696],[91.7841,23.0379],[91.7789,23.0365],[91.7806,23.0291],[91.7743,23.0271],[91.7744,23.0385],[91.7685,23.0409],[91.7719,23.033],[91.7611,23.0299],[91.7439,23.0064],[91.7261,22.9989],[91.7206,22.9874],[91.7121,22.9889],[91.7088,22.9819],[91.6937,22.9883],[91.6818,22.9773],[91.6577,22.9817],[91.6515,22.9767],[91.6455,22.985],[91.6356,22.9611],[91.6246,22.9616],[91.6256,22.9441],[91.6194,22.9384],[91.6127,22.947],[91.6158,22.9515],[91.6071,22.95],[91.6084,22.9572],[91.6003,22.9543],[91.6049,22.9622],[91.6138,22.9584],[91.6061,22.9719],[91.5906,22.9769],[91.5768,22.9652],[91.5572,22.9785],[91.557,22.9966],[91.5475,22.9942],[91.5425,22.9995],[91.5482,23.0192],[91.5384,23.0192],[91.5504,23.0384],[91.5305,23.0383],[91.5363,23.0545],[91.525,23.0553],[91.5353,23.0633],[91.5251,23.0828],[91.5298,23.0917],[91.5189,23.0941],[91.5224,23.104],[91.5113,23.1042],[91.5123,23.1132],[91.5204,23.1144],[91.5154,23.1176],[91.5176,23.1254],[91.5031,23.1305],[91.5153,23.145],[91.5082,23.1396],[91.4987,23.1425],[91.4947,23.1471],[91.5072,23.1542],[91.4943,23.1522],[91.4909,23.1576],[91.4983,23.1716],[91.4917,23.1776],[91.5075,23.1837],[91.5011,23.1853],[91.5032,23.1921],[91.4849,23.1882],[91.4708,23.1964],[91.4824,23.1984],[91.4844,23.2092],[91.4754,23.2204],[91.4586,23.2133],[91.4506,23.2194],[91.4703,23.2276],[91.4579,23.246],[91.4451,23.247],[91.4542,23.2604],[91.4212,23.2618],[91.4183,23.2554],[91.4196,23.2733],[91.4089,23.2852],[91.4113,23.2557],[91.3976,23.2651],[91.3973,23.2562],[91.4087,23.2476],[91.3926,23.2459],[91.4009,23.2291],[91.3865,23.2276],[91.3922,23.22],[91.3808,23.2084],[91.3878,23.2079],[91.3799,23.1845],[91.397,23.1177],[91.4034,23.1137],[91.4003,23.0964],[91.4061,23.0969],[91.4081,23.0835],[91.4175,23.0829],[91.4109,23.066],[91.4174,23.0648],[91.3959,23.056],[91.3698,23.0704],[91.347,23.1023],[91.3476,23.1188],[91.3419,23.1178],[91.3331,23.1528],[91.3233,23.158],[91.3236,23.2374],[91.3187,23.2455],[91.3266,23.2523],[91.318,23.2529],[91.3098,23.2764],[91.3167,23.2819],[91.3002,23.2925],[91.3072,23.2998],[91.315,23.2966],[91.3132,23.3063],[91.3095,23.3139],[91.2899,23.3185],[91.2962,23.3409],[91.3108,23.3424],[91.3111,23.3527],[91.318,23.353],[91.3201,23.3601],[91.2911,23.3507],[91.2949,23.3612],[91.2861,23.363],[91.2842,23.3711],[91.2943,23.3747],[91.2798,23.3766],[91.2764,23.4147],[91.2634,23.4237],[91.2707,23.4298],[91.2516,23.4536],[91.2493,23.4902],[91.2364,23.489],[91.2356,23.5018],[91.218,23.4995],[91.2236,23.514],[91.2078,23.512],[91.2008,23.52],[91.2129,23.5504],[91.2075,23.5454],[91.1945,23.5472],[91.1953,23.562],[91.1873,23.5775],[91.1753,23.5855],[91.1771,23.5932],[91.1625,23.595],[91.1597,23.6113],[91.1614,23.6543],[91.1563,23.6707],[91.1704,23.6575],[91.1829,23.6597],[91.1929,23.6544],[91.1907,23.6469],[91.1994,23.6466],[91.2046,23.6504],[91.2033,23.6801],[91.2085,23.6864],[91.1955,23.6921],[91.1542,23.6884],[91.1492,23.7115],[91.1571,23.742],[91.1676,23.7496],[91.1966,23.7511],[91.2104,23.7491],[91.219,23.7364],[91.2307,23.7649],[91.2269,23.7923],[91.2541,23.837],[91.2296,23.8807],[91.2285,23.8986],[91.2462,23.9131],[91.233,23.927],[91.2762,23.9225],[91.2729,23.9376],[91.2642,23.9442],[91.2847,23.9821],[91.2877,23.968],[91.2998,23.9721],[91.3036,23.9979],[91.3149,23.9904],[91.3301,23.9925],[91.3412,23.982],[91.3617,23.9863],[91.3795,23.9753],[91.3733,24.0026],[91.3909,24.0258],[91.3966,24.0496],[91.3771,24.0798],[91.3746,24.1078],[91.4281,24.1085],[91.4308,24.0999],[91.4405,24.1025],[91.443,24.0972],[91.4496,24.1015],[91.4625,24.0961],[91.4732,24.1017],[91.495,24.0955],[91.4977,24.0873],[91.5453,24.0742],[91.5729,24.0747],[91.5744,24.08],[91.5861,24.0726],[91.5985,24.0845],[91.5913,24.0926],[91.5945,24.0965],[91.6114,24.0917],[91.6379,24.1029],[91.6412,24.1131],[91.6345,24.1381],[91.6466,24.1566],[91.6468,24.1786],[91.6563,24.1762],[91.6601,24.1895],[91.6526,24.1959],[91.6477,24.2185],[91.6652,24.2335],[91.667,24.2105],[91.6767,24.2006],[91.6883,24.1621],[91.7033,24.1635],[91.7061,24.1543],[91.7218,24.1525],[91.7284,24.1432],[91.7595,24.1417],[91.745,24.247],[91.7915,24.2198],[91.8062,24.2207],[91.8164,24.2099],[91.8447,24.2258],[91.8431,24.2202],[91.8493,24.2212],[91.8457,24.2175],[91.8552,24.2124],[91.842,24.2013],[91.8454,24.1914],[91.874,24.1745],[91.8752,24.1551],[91.8845,24.1387],[91.9021,24.1369],[91.9145,24.1536],[91.9114,24.1682],[91.9408,24.2681],[91.92,24.3375],[91.9413,24.3425],[91.9568,24.3567],[91.969,24.3502],[91.9659,24.3468],[91.9771,24.3274],[91.996,24.3221],[91.9983,24.3341],[91.9781,24.3574],[91.9846,24.3609],[91.9701,24.3744],[91.9723,24.3795],[91.9672,24.3789],[91.9705,24.3845],[91.9852,24.3767],[91.9967,24.3937],[92.0073,24.3814],[92.0201,24.3865],[92.044,24.3749],[92.0904,24.3716],[92.1023,24.3829],[92.1219,24.3822],[92.1189,24.39],[92.1352,24.4072],[92.1368,24.425],[92.1477,24.421],[92.1537,24.4256],[92.1646,24.4189],[92.1691,24.4278],[92.1505,24.4952],[92.1591,24.5072],[92.1535,24.512],[92.1582,24.5152],[92.155,24.523],[92.1695,24.5318],[92.2125,24.5037],[92.2238,24.5175],[92.2311,24.5312],[92.2354,24.5976],[92.244,24.6165],[92.2544,24.678],[92.296,24.7365],[92.2792,24.7453],[92.2901,24.7597],[92.2818,24.7753],[92.2889,24.7845],[92.2731,24.8002],[92.2731,24.8274],[92.2491,24.8297],[92.255,24.8384],[92.2415,24.842],[92.2349,24.8614],[92.2382,24.8682],[92.2463,24.8675],[92.2481,24.8855],[92.2329,24.9001],[92.2484,24.9089],[92.2821,24.9059],[92.2994,24.9157],[92.3069,24.902],[92.3161,24.8952],[92.3267,24.8964],[92.3392,24.8783],[92.348,24.8916],[92.3634,24.8719],[92.3747,24.874],[92.3849,24.8523],[92.4001,24.8487],[92.4064,24.8589],[92.4254,24.8528],[92.4374,24.8556],[92.4448,24.872],[92.4761,24.867],[92.4793,24.8725],[92.4879,24.8713],[92.4968,24.902],[92.4946,24.9159],[92.484,24.9285],[92.4875,24.9469],[92.4497,24.9386],[92.4497,24.95],[92.4662,24.9571],[92.4675,24.9637],[92.4576,24.9706],[92.4476,24.965],[92.4201,24.9663],[92.4221,24.9885],[92.4164,24.9904],[92.4253,25.0295],[92.3991,25.0328],[92.3838,25.0424],[92.3697,25.0409],[92.363,25.0499],[92.3415,25.0485],[92.3486,25.0735],[92.3349,25.0784],[92.3218,25.0782],[92.3191,25.0699],[92.3106,25.069],[92.2314,25.0969],[92.2276,25.0937],[92.2219,25.104],[92.1962,25.108],[92.2004,25.12],[92.2194,25.117],[92.1945,25.1256],[92.1893,25.1363],[92.1839,25.1179],[92.1789,25.1261],[92.1596,25.1266],[92.1649,25.1305],[92.1589,25.133],[92.1657,25.1359],[92.1358,25.1387],[92.1446,25.1397],[92.1344,25.1428],[92.1341,25.1527],[92.1397,25.1538],[92.1329,25.1601],[92.0739,25.1849],[92.0406,25.1864],[92.0262,25.1792],[92.0164,25.1872],[92.0038,25.1862],[91.9717,25.1676],[91.9668,25.1764],[91.9163,25.1813],[91.8806,25.1729],[91.876,25.1774],[91.8556,25.1725],[91.827,25.1778],[91.7746,25.1631],[91.7586,25.1684],[91.756,25.1775],[91.7447,25.1698],[91.7498,25.1592],[91.7425,25.1446],[91.7476,25.1402],[91.7038,25.16],[91.7036,25.1495],[91.6918,25.1371],[91.6699,25.1379],[91.664,25.1352],[91.665,25.1284],[91.6528,25.1312],[91.6379,25.1225],[91.6232,25.1279],[91.6215,25.1434],[91.6021,25.1427],[91.6,25.1596],[91.6041,25.1674],[91.6154,25.1697],[91.6097,25.177],[91.5771,25.172],[91.5716,25.1653],[91.5766,25.1598],[91.5631,25.1606],[91.5572,25.1498],[91.5096,25.1474],[91.4996,25.1354],[91.471,25.1336],[91.4642,25.1348],[91.4704,25.1397],[91.4686,25.1518],[91.4406,25.1496],[91.4251,25.157],[91.4146,25.1711],[91.4109,25.1637],[91.3986,25.1645],[91.3688,25.1706],[91.3638,25.1781],[91.3538,25.1713],[91.3515,25.1758],[91.327,25.1762],[91.3178,25.1837],[91.2866,25.1853],[91.2922,25.1933],[91.268,25.2072],[91.2516,25.1952],[91.1947,25.2018],[91.1252,25.194],[91.0696,25.1984],[91.0679,25.1915],[91.0191,25.187],[90.928,25.1622],[90.884,25.1667],[90.862,25.1576],[90.8059,25.1659],[90.8055,25.1736],[90.7947,25.1813],[90.784,25.1793],[90.7804,25.1861],[90.7638,25.1783],[90.7604,25.1682],[90.7342,25.1668],[90.7332,25.162],[90.7419,25.1612],[90.7333,25.1549],[90.71,25.1681],[90.7066,25.1611],[90.7006,25.1648],[90.6981,25.1568],[90.6822,25.1643],[90.6862,25.1743],[90.6757,25.1764],[90.666,25.1658],[90.6634,25.1979],[90.6569,25.1848],[90.6524,25.1922],[90.6476,25.1941],[90.6511,25.182],[90.6403,25.1836],[90.6409,25.1745],[90.6183,25.1725],[90.6094,25.1791],[90.576,25.1716],[90.5086,25.1754],[90.5099,25.1694],[90.4991,25.1722],[90.4859,25.1611],[90.4508,25.1524],[90.4493,25.145],[90.4411,25.1445],[90.4045,25.16],[90.3705,25.1628],[90.3302,25.1938],[90.3104,25.1888],[90.234,25.2049],[90.2255,25.2005],[90.1715,25.2231],[90.1181,25.2235],[90.0741,25.244],[90.0545,25.2614],[90.0338,25.2623],[90.0042,25.2806],[89.996,25.2766],[89.9808,25.2809],[89.9771,25.2968],[89.9667,25.3037],[89.9545,25.301],[89.9492,25.2927],[89.9439,25.3044],[89.939,25.299],[89.907,25.3077],[89.8766,25.2853],[89.8316,25.2959],[89.8414,25.315],[89.823,25.349],[89.8196,25.3807],[89.8327,25.4388],[89.8522,25.4659],[89.8493,25.4928],[89.8539,25.5042],[89.8696,25.5109],[89.8601,25.5168],[89.8513,25.5386],[89.866,25.5462],[89.8825,25.6172],[89.8711,25.6626],[89.8635,25.6655],[89.8467,25.6956],[89.8505,25.713],[89.835,25.7159],[89.8279,25.7295],[89.827,25.7404],[89.8413,25.759],[89.8403,25.7667],[89.8265,25.8102],[89.8165,25.8143],[89.8353,25.8407],[89.8326,25.8706],[89.8782,25.9242],[89.8871,25.9452],[89.8427,25.94],[89.8254,25.9455],[89.8306,25.9552],[89.8493,25.9491],[89.8386,25.9679],[89.8668,25.972],[89.8733,25.9759],[89.871,25.9807],[89.8504,25.99],[89.8358,26.0126],[89.8309,26.0018],[89.8359,25.9824],[89.8203,25.9876],[89.8149,25.9979],[89.8204,25.9976],[89.822,26.0099],[89.8154,26.0202],[89.8193,26.0258],[89.8086,26.0434],[89.7906,26.0178],[89.7877,26.0213],[89.794,26.0227],[89.8018,26.0403],[89.7936,26.0423],[89.7906,26.0343],[89.7876,26.0404],[89.7737,26.0376],[89.7887,26.0487],[89.7853,26.0569],[89.7988,26.0596],[89.7966,26.0763],[89.7901,26.0754],[89.7949,26.0875],[89.7813,26.0834],[89.7832,26.106],[89.7562,26.1094],[89.7666,26.1305],[89.754,26.1394],[89.7477,26.1574],[89.7205,26.1563],[89.7147,26.1688],[89.71,26.1562],[89.7014,26.1518],[89.6813,26.1636],[89.6842,26.1696],[89.7021,26.174],[89.6874,26.1815],[89.6822,26.1924],[89.6863,26.1982],[89.6735,26.2014],[89.6772,26.2097],[89.6857,26.2069],[89.6915,26.2117],[89.6838,26.2087],[89.6797,26.2141],[89.679,26.2241],[89.6894,26.2213],[89.6791,26.238],[89.6719,26.2198],[89.6556,26.2191],[89.6344,26.2294],[89.6327,26.2099],[89.6383,26.2104],[89.6395,26.1997],[89.65,26.1902],[89.6422,26.1853],[89.6302,26.1958],[89.6278,26.1839],[89.6391,26.1786],[89.6555,26.1814],[89.6587,26.1762],[89.6493,26.1644],[89.6322,26.1719],[89.6375,26.1768],[89.6325,26.1808],[89.624,26.1711],[89.6239,26.1791],[89.6088,26.1806],[89.6154,26.1749],[89.6112,26.1686],[89.6198,26.1681],[89.6102,26.1618],[89.61,26.1543],[89.6,26.1608],[89.5912,26.1573],[89.5979,26.1541],[89.5967,26.1348],[89.6077,26.1249],[89.6013,26.1234],[89.6042,26.1175],[89.612,26.1277],[89.6205,26.1197],[89.6253,26.1286],[89.6304,26.1184],[89.6162,26.1069],[89.5979,26.113],[89.6003,26.1041],[89.5939,26.1022],[89.6086,26.0884],[89.6101,26.0959],[89.6173,26.0947],[89.614,26.1036],[89.6215,26.1003],[89.6241,26.1079],[89.63,26.107],[89.6397,26.0901],[89.6336,26.0809],[89.6501,26.0632],[89.6306,26.0627],[89.6205,26.0533],[89.6178,26.0601],[89.6054,26.0638],[89.6128,26.0526],[89.5922,26.0448],[89.5977,26.0379],[89.5869,26.0383],[89.5854,26.0263],[89.5787,26.0263],[89.5868,25.9809],[89.5846,25.9758],[89.5742,25.9803],[89.5779,25.9693],[89.5689,25.9678],[89.566,25.9803],[89.5577,25.9654],[89.5404,25.97],[89.5417,25.9832],[89.5352,25.9889],[89.5482,26.0001],[89.5409,26.0059],[89.5337,26.0054],[89.5375,26.0021],[89.5192,26.0087],[89.5081,26.0018],[89.4913,26.006],[89.4804,25.9961],[89.4308,26.0111],[89.4267,26.0151],[89.4328,26.0375],[89.4238,26.0469],[89.4074,26.0415],[89.403,26.0273],[89.3909,26.0229],[89.3928,26.0072],[89.3725,26.0118],[89.3554,26.0083],[89.3345,26.02],[89.3386,26.0239],[89.3237,26.0381],[89.3152,26.0374],[89.3004,26.0504],[89.2966,26.0453],[89.2758,26.0491],[89.2811,26.0656],[89.2709,26.0599],[89.2544,26.0641],[89.2569,26.0801],[89.2668,26.0926],[89.2516,26.0914],[89.2518,26.1012],[89.2416,26.1055],[89.2419,26.1132],[89.2292,26.1166],[89.2294,26.1239],[89.2031,26.1293],[89.1923,26.1236],[89.1554,26.1386],[89.1485,26.1581],[89.1573,26.1632],[89.141,26.1693],[89.1346,26.1812],[89.1494,26.2091],[89.1421,26.2145],[89.1409,26.2358],[89.1198,26.2526],[89.1252,26.2635],[89.1057,26.274],[89.106,26.2811],[89.1001,26.2795],[89.1071,26.2916],[89.1033,26.2945],[89.1076,26.2998],[89.0999,26.3046],[89.1047,26.3158],[89.1221,26.2871],[89.1325,26.2987],[89.1252,26.3053],[89.136,26.3074],[89.1296,26.3128],[89.1363,26.3201],[89.1127,26.3184],[89.11,26.3252],[89.1005,26.3233],[89.0972,26.3293],[89.0919,26.3203],[89.0836,26.322],[89.1013,26.3365],[89.0933,26.3529],[89.0983,26.3589],[89.0797,26.3628],[89.0885,26.3657],[89.0901,26.3857],[89.0963,26.3909],[89.08,26.3915],[89.0874,26.3976],[89.0753,26.396],[89.0745,26.391],[89.0632,26.4007],[89.0581,26.3953],[89.0394,26.4002],[89.036,26.3949],[89.0298,26.4071],[89.0194,26.4041],[89.022,26.414],[89.0072,26.4127],[89.0059,26.4214],[88.9937,26.423],[88.9986,26.4139],[88.994,26.4128],[88.9808,26.4253],[88.9833,26.4465],[88.9558,26.4602],[88.9654,26.4515],[88.9462,26.4479],[88.9513,26.435],[88.9448,26.4256],[88.9262,26.4321],[88.9328,26.4268],[88.923,26.4234],[88.9313,26.4142],[88.9266,26.4068],[88.9048,26.4085],[88.91,26.4008],[88.9174,26.4032],[88.9165,26.3848],[88.9091,26.3805],[88.9214,26.3772],[88.91,26.3702],[88.9201,26.3662],[88.9186,26.3599],[88.9261,26.3647],[88.9468,26.3557],[88.9499,26.3659],[88.9584,26.3617],[88.9463,26.3458],[88.9591,26.3435],[88.9518,26.3426],[88.9524,26.3322],[88.9604,26.3301],[88.9614,26.3523],[88.9872,26.3483],[88.99,26.3385],[88.9818,26.341],[88.9855,26.3328],[89.001,26.3297],[88.9915,26.3223],[88.9971,26.3137],[88.9846,26.318],[88.9827,26.3095],[88.9849,26.3005],[88.9976,26.2996],[88.9957,26.2902],[89.0069,26.3044],[89.0184,26.2898],[89.0143,26.3002],[89.0216,26.309],[89.0266,26.3054],[89.0201,26.2891],[89.0275,26.2825],[89.0408,26.2858],[89.038,26.2775],[89.0451,26.2751],[89.0505,26.2883],[89.0448,26.2836],[89.0459,26.2954],[89.0595,26.2934],[89.0625,26.2787],[89.0539,26.2771],[89.0633,26.2704],[89.0626,26.2538],[89.0513,26.2553],[89.0507,26.2417],[89.0276,26.2476],[89.0183,26.2419],[88.993,26.2455],[88.9573,26.2403],[88.9263,26.2838],[88.8983,26.2886],[88.8759,26.2866],[88.8614,26.2727],[88.8615,26.252],[88.8722,26.2399],[88.8777,26.2422],[88.8779,26.2334],[88.8417,26.2307],[88.8381,26.2382],[88.8277,26.2396],[88.8292,26.2497],[88.8129,26.256],[88.81,26.2768],[88.8191,26.2945],[88.7936,26.31],[88.7598,26.3003],[88.7586,26.2948],[88.7475,26.2955],[88.7473,26.301],[88.7379,26.2924],[88.7297,26.2946],[88.7171,26.2811],[88.7114,26.2864],[88.6997,26.2842],[88.6962,26.2773],[88.6861,26.2768],[88.6926,26.2695],[88.6832,26.2608],[88.6662,26.2627],[88.6722,26.2685],[88.6669,26.2732],[88.668,26.2972],[88.6787,26.2988],[88.678,26.3069],[88.6831,26.3085],[88.6791,26.3147],[88.6753,26.3114],[88.6751,26.3201],[88.6954,26.3287],[88.6902,26.3231],[88.6933,26.314],[88.715,26.318],[88.7188,26.3121],[88.7312,26.3184],[88.7306,26.3236],[88.7465,26.3224],[88.7487,26.3319],[88.7339,26.3287],[88.7453,26.3479],[88.7333,26.3538],[88.7359,26.348],[88.7261,26.3413],[88.7128,26.3437],[88.7102,26.3347],[88.7028,26.3344],[88.704,26.3419],[88.6941,26.3467],[88.6986,26.3567],[88.6915,26.3612],[88.6963,26.362],[88.681,26.3794],[88.7023,26.3884],[88.6874,26.3868],[88.6892,26.3957],[88.6723,26.3957],[88.6735,26.402],[88.6874,26.401],[88.6868,26.406],[88.6678,26.4072],[88.6604,26.4163],[88.6445,26.4187],[88.6511,26.4217],[88.6498,26.4296],[88.6238,26.4348],[88.6283,26.441],[88.6229,26.4711],[88.5948,26.4706],[88.593,26.4498],[88.5609,26.4565],[88.5601,26.473],[88.5526,26.4753],[88.5568,26.4848],[88.5265,26.4814],[88.5187,26.5013],[88.5214,26.5105],[88.5072,26.5165],[88.4898,26.5104],[88.4901,26.5251],[88.4853,26.5261],[88.4897,26.532],[88.482,26.5313],[88.485,26.5407],[88.4589,26.5471],[88.4565,26.5369],[88.4483,26.5353],[88.4372,26.5441],[88.4212,26.571],[88.4161,26.6316],[88.4093,26.6348],[88.3984,26.626],[88.3868,26.6107],[88.3986,26.604],[88.376,26.5947],[88.3708,26.5603],[88.3572,26.5418],[88.3594,26.5301],[88.3495,26.5091],[88.3321,26.4932],[88.3319,26.4818],[88.3409,26.4782],[88.3405,26.4689],[88.3471,26.4683],[88.3548,26.447],[88.3661,26.4708],[88.3605,26.4846],[88.3712,26.4882],[88.3885,26.4783],[88.405,26.4858],[88.4198,26.4657],[88.4277,26.473],[88.4374,26.4659],[88.4852,26.4603],[88.4789,26.4523],[88.4962,26.4371],[88.4897,26.43],[88.4984,26.4252],[88.494,26.4187],[88.5028,26.4175],[88.4956,26.4095],[88.5028,26.403],[88.509,26.4072],[88.505,26.3987],[88.5129,26.3876],[88.5192,26.39],[88.5128,26.3778],[88.5172,26.3706],[88.5248,26.3748],[88.5154,26.3653],[88.5234,26.3608],[88.5185,26.3516],[88.5057,26.3486],[88.5077,26.3625],[88.4884,26.3603],[88.4919,26.3514],[88.4824,26.3497],[88.4774,26.3577],[88.4586,26.3621],[88.4577,26.3767],[88.4461,26.3644],[88.4356,26.3358],[88.4129,26.3375],[88.4044,26.3298],[88.407,26.3236],[88.4156,26.3243],[88.4149,26.3148],[88.3847,26.3133],[88.3497,26.2822],[88.3486,26.2503],[88.3597,26.2424],[88.3505,26.2204],[88.3312,26.217],[88.3198,26.2029],[88.2858,26.2002],[88.2693,26.1865],[88.2418,26.1891],[88.2335,26.1845],[88.2373,26.1773],[88.2262,26.173],[88.2269,26.1684],[88.2144,26.17],[88.2162,26.1633],[88.2057,26.1592],[88.1968,26.1635],[88.1915,26.157],[88.1951,26.1522],[88.1904,26.1553],[88.1773,26.1481],[88.18,26.1392],[88.1739,26.1283],[88.1784,26.1236],[88.172,26.1103],[88.1633,26.1073],[88.1585,26.0953],[88.1656,26.0881],[88.1584,26.0798],[88.1627,26.0769],[88.1686,26.0836],[88.1833,26.0729],[88.1857,26.0637],[88.1761,26.0581],[88.1793,26.0465],[88.1736,26.0499],[88.1695,26.0452],[88.1754,26.0397],[88.1718,26.0328],[88.1832,26.0268],[88.1397,26.0129],[88.1437,26.0004],[88.1297,25.9969],[88.1279,25.9766],[88.1193,25.9716],[88.1243,25.9661],[88.1152,25.9628],[88.1224,25.9484],[88.1126,25.9435],[88.1115,25.9333],[88.0947,25.9314],[88.086,25.916],[88.0944,25.9085],[88.0903,25.8965],[88.103,25.8892],[88.0942,25.8734],[88.102,25.8716],[88.1025,25.8618],[88.1107,25.8679],[88.1139,25.8544],[88.1014,25.8442],[88.1084,25.8383],[88.1012,25.829],[88.1116,25.8217],[88.107,25.815],[88.1201,25.8124],[88.1145,25.7979],[88.1443,25.7936],[88.1417,25.7801],[88.1515,25.7756],[88.1594,25.7876],[88.1731,25.7866],[88.1838,25.8017],[88.1935,25.8015],[88.1995,25.79],[88.2095,25.7868],[88.2157,25.8014],[88.231,25.7967],[88.2363,25.8094],[88.2469,25.806],[88.2486,25.8134],[88.2597,25.8138],[88.2696,25.8082],[88.2719,25.7906],[88.2665,25.7824],[88.2908,25.7738],[88.2891,25.7678],[88.3172,25.7525],[88.3209,25.7375],[88.3376,25.7376],[88.3441,25.7294],[88.3588,25.7281],[88.3568,25.7213],[88.3743,25.7171],[88.3715,25.6965],[88.3915,25.6935],[88.3902,25.684],[88.4052,25.6842],[88.4017,25.6726],[88.4538,25.6649],[88.4558,25.6286],[88.4452,25.6155],[88.4496,25.605],[88.4444,25.5969],[88.4576,25.5987],[88.4696,25.5831],[88.4999,25.5839],[88.4935,25.5588],[88.5091,25.5441],[88.5197,25.5446],[88.5235,25.5352],[88.5277,25.5433],[88.5331,25.5421],[88.5328,25.5322],[88.5403,25.5328],[88.54,25.5083],[88.5464,25.5083],[88.5524,25.5208],[88.5602,25.5124],[88.5955,25.5059],[88.6091,25.5163],[88.6074,25.5086],[88.613,25.5099],[88.6225,25.497],[88.6484,25.4964],[88.6427,25.4927],[88.6471,25.4778],[88.6602,25.4818],[88.663,25.4736],[88.6995,25.4712],[88.7104,25.4806],[88.7075,25.4999],[88.7138,25.4956],[88.7421,25.505],[88.74,25.4893],[88.745,25.4879],[88.7688,25.4985],[88.7708,25.5051],[88.7592,25.5112],[88.7587,25.5252],[88.7824,25.5151],[88.7924,25.5227],[88.8109,25.5229],[88.8137,25.488],[88.8297,25.4903],[88.8393,25.4583],[88.8262,25.4445],[88.8343,25.4317],[88.83,25.4169],[88.8183,25.4181],[88.8123,25.4105],[88.8409,25.3976],[88.8402,25.3638],[88.8545,25.3632],[88.8557,25.3542],[88.8689,25.3522],[88.8665,25.343],[88.8851,25.3256],[88.8877,25.3371],[88.9063,25.3377],[88.9155,25.312],[88.9278,25.3172],[88.9295,25.3041],[88.9576,25.3007],[88.961,25.3059],[88.9714,25.3009],[88.9853,25.3059],[88.9852,25.2988],[88.9961,25.2956],[89.0089,25.3031],[89.0079,25.2649],[88.9868,25.2745],[88.9823,25.2649],[88.9562,25.2549],[88.9517,25.2322],[88.9618,25.2091],[88.9364,25.2106],[88.9338,25.1998],[88.9379,25.1935],[88.9476,25.1944],[88.9435,25.183],[88.9488,25.1766],[88.9412,25.1734],[88.9326,25.1809],[88.9231,25.1649],[88.9123,25.168],[88.9114,25.1798],[88.8905,25.1841],[88.8899,25.178],[88.8753,25.1793],[88.875,25.1962],[88.8644,25.19],[88.8649,25.2006],[88.8516,25.2005],[88.8438,25.2138],[88.8304,25.2053],[88.8274,25.1922],[88.8179,25.1889],[88.8134,25.1743],[88.8059,25.1705],[88.7737,25.1794],[88.7694,25.1898],[88.767,25.1831],[88.7586,25.1866],[88.7491,25.1769],[88.7509,25.1828],[88.7362,25.1866],[88.733,25.1988],[88.7115,25.2077],[88.6801,25.2089],[88.6691,25.1982],[88.6429,25.2063],[88.6127,25.2042],[88.5981,25.1904],[88.5899,25.1926],[88.5912,25.1851],[88.5796,25.1768],[88.5656,25.1751],[88.5558,25.179],[88.5576,25.1926],[88.5421,25.194],[88.534,25.1875],[88.5378,25.1978],[88.5001,25.2034],[88.4991,25.2104],[88.4755,25.2134],[88.4718,25.1974],[88.4437,25.1973],[88.442,25.1743],[88.4572,25.1646],[88.4614,25.1494],[88.4587,25.1356],[88.4414,25.1275],[88.4478,25.1096],[88.4464,25.083],[88.4529,25.0793],[88.435,25.056],[88.4378,25.0431],[88.4527,25.0369],[88.4386,25.0223],[88.4422,25.0131],[88.4352,25.0133],[88.4365,25.0065],[88.4275,25.0077],[88.4281,25.0094],[88.4265,25.0095],[88.4273,25.0126],[88.4256,25.0164],[88.4205,24.9997],[88.4121,24.9988],[88.4174,24.9748],[88.4051,24.9797],[88.4057,24.9723],[88.3952,24.9691],[88.3988,24.9453],[88.3816,24.9391],[88.3667,24.9449],[88.364,24.9533],[88.3547,24.942],[88.3409,24.9406],[88.3366,24.9187],[88.3243,24.9168],[88.3277,24.9043],[88.3341,24.9048],[88.3328,24.8971],[88.3439,24.8996],[88.347,24.8924],[88.3306,24.8701],[88.3209,24.876],[88.3211,24.8835],[88.3019,24.8719],[88.302,24.8858],[88.2781,24.8881],[88.2761,24.8978],[88.2672,24.8783],[88.2583,24.8776],[88.2645,24.8993],[88.2605,24.9192],[88.2261,24.9597],[88.1836,24.9539],[88.1755,24.9462],[88.1702,24.9504],[88.1584,24.9414],[88.1575,24.9335],[88.138,24.9362],[88.1404,24.914],[88.1693,24.8925],[88.1687,24.8882],[88.1576,24.8923],[88.1527,24.8844],[88.1637,24.878],[88.1591,24.8721],[88.1659,24.8634],[88.175,24.8601],[88.1622,24.858],[88.1604,24.8485],[88.1449,24.8511],[88.1409,24.8344],[88.1319,24.836],[88.1363,24.8053],[88.1308,24.8049],[88.1235,24.8231],[88.1052,24.8003],[88.1061,24.7796],[88.089,24.7829],[88.0779,24.7691],[88.0683,24.7692],[88.0745,24.7607],[88.0658,24.7507],[88.0725,24.7436],[88.0628,24.7216],[88.0088,24.6678],[88.0412,24.6433],[88.0969,24.5565],[88.1408,24.5112],[88.1735,24.493],[88.1984,24.4625],[88.2719,24.4406],[88.2849,24.4222],[88.334,24.3814],[88.3893,24.3719],[88.4249,24.3832],[88.4464,24.3786],[88.496,24.3544],[88.5079,24.3425],[88.5271,24.3444],[88.5551,24.2933],[88.5677,24.3267],[88.5872,24.3241],[88.5879,24.3143],[88.6033,24.3101],[88.6236,24.3157],[88.6285,24.3051],[88.6489,24.3109],[88.6525,24.305],[88.659,24.3144],[88.6966,24.3154],[88.7248,24.2978],[88.7354,24.2765],[88.741,24.2539],[88.7314,24.1734],[88.7465,24.1471],[88.707,24.1191],[88.6975,24.1205],[88.6932,24.1112],[88.7,24.1095],[88.7003,24.0943],[88.7255,24.0654],[88.7337,24.0662],[88.7416,24.0571],[88.7411,24.0486],[88.7246,24.0477],[88.7248,24.0416],[88.7575,24.0321],[88.7347,24.0175],[88.729,23.9961],[88.7365,23.9956],[88.745,24.0055],[88.7602,24.0061],[88.7689,23.9822],[88.7382,23.9829],[88.7325,23.9611],[88.7425,23.951],[88.7434,23.9302],[88.7349,23.9329],[88.7334,23.911],[88.7064,23.9163],[88.6993,23.9102],[88.7043,23.8992],[88.6884,23.9015],[88.6829,23.8886],[88.6643,23.8824],[88.6676,23.8694],[88.6535,23.8655],[88.6377,23.8714],[88.6264,23.8649],[88.6248,23.8751],[88.6164,23.8765],[88.609,23.8727],[88.608,23.8623],[88.5875,23.8715],[88.5756,23.8616],[88.5784,23.8507],[88.5911,23.853],[88.5865,23.8312],[88.6021,23.8172],[88.5945,23.8089],[88.5895,23.8136],[88.5852,23.8136],[88.5962,23.8049],[88.5916,23.7978],[88.5816,23.7973],[88.5781,23.7866],[88.5713,23.783],[88.5593,23.786],[88.556,23.7842],[88.5796,23.7747],[88.5808,23.7605],[88.5701,23.7481],[88.5766,23.733],[88.5645,23.7113],[88.5738,23.6669],[88.5582,23.6492],[88.5622,23.6371],[88.5938,23.6408],[88.5941,23.6176],[88.5853,23.6165],[88.5801,23.603],[88.5972,23.6019],[88.5979,23.6063],[88.6063,23.6104],[88.6015,23.6069],[88.6091,23.6044],[88.6052,23.6017],[88.6073,23.6002],[88.6455,23.6093],[88.6388,23.5907],[88.6506,23.5854],[88.6543,23.5562],[88.6633,23.5473],[88.6783,23.5458],[88.6862,23.5378],[88.6842,23.5293],[88.6964,23.5257],[88.6958,23.5173],[88.7062,23.517],[88.7149,23.5085],[88.7251,23.5118],[88.7296,23.4964],[88.7427,23.4866],[88.7414,23.4797],[88.7609,23.4784],[88.7607,23.4899],[88.7749,23.4798],[88.7682,23.4901],[88.786,23.5072],[88.7845,23.4972],[88.7927,23.5029],[88.8008,23.4971],[88.7946,23.4856],[88.8014,23.4858],[88.7873,23.4691],[88.7953,23.443],[88.7851,23.4448],[88.7843,23.4384],[88.7791,23.4373],[88.7822,23.4413],[88.7733,23.4483],[88.7643,23.4482],[88.7544,23.4164],[88.7612,23.4084],[88.7493,23.4006],[88.7529,23.3891],[88.7629,23.3872],[88.7585,23.3741],[88.7654,23.3679],[88.7582,23.3599],[88.7477,23.362],[88.746,23.349],[88.732,23.352],[88.7391,23.3434],[88.7327,23.3281],[88.7497,23.3215],[88.7453,23.3078],[88.7318,23.308],[88.7304,23.3196],[88.7248,23.318],[88.7254,23.2987],[88.7068,23.304],[88.7103,23.3129],[88.6964,23.3023],[88.6976,23.2917],[88.709,23.2897],[88.7114,23.2782],[88.7244,23.2716],[88.7189,23.2548],[88.7519,23.2402],[88.7695,23.2448],[88.7781,23.2361],[88.7744,23.2244],[88.7898,23.2183],[88.8114,23.2215],[88.8059,23.2375],[88.8115,23.2561],[88.8288,23.2449],[88.8238,23.2334],[88.8365,23.2433],[88.8449,23.2305],[88.8538,23.2363],[88.8747,23.2342],[88.8862,23.2259],[88.8868,23.2313],[88.9069,23.236],[88.915,23.2288],[88.9146,23.2135],[88.921,23.216],[88.9167,23.2196],[88.9267,23.2179],[88.9426,23.2061],[88.9709,23.2227],[88.9787,23.2145],[88.9759,23.2244],[88.9814,23.2222],[88.9796,23.2155],[88.9828,23.2218],[88.9957,23.2147],[88.9797,23.2129],[88.9877,23.2027],[88.9801,23.1937],[88.9804,23.1825],[88.9761,23.1819],[88.9753,23.1923],[88.9623,23.1931],[88.9562,23.1819],[88.9391,23.1768],[88.934,23.1618],[88.9279,23.163],[88.9308,23.1432],[88.9233,23.1451],[88.9179,23.1291],[88.9103,23.1297],[88.8999,23.1119],[88.8828,23.1108],[88.8836,23.1046],[88.8684,23.1011],[88.8746,23.0898],[88.861,23.0773],[88.8742,23.0658],[88.8749,23.0445],[88.8841,23.0404],[88.872,23.0168],[88.8798,23.0063],[88.8451,23.0099],[88.8515,23.0022],[88.8645,23.001],[88.871,22.9786],[88.857,22.9689],[88.8594,22.9432],[88.8793,22.954],[88.8943,22.952],[88.8869,22.9332],[88.9081,22.9198],[88.8957,22.9131],[88.9094,22.8799],[88.9225,22.8801],[88.9283,22.8725],[88.9477,22.8792],[88.9686,22.8443],[88.9555,22.8118],[88.9579,22.7959],[88.9381,22.793],[88.9357,22.7819],[88.9239,22.7796],[88.9258,22.7699],[88.9178,22.77],[88.911,22.7577],[88.9208,22.7532],[88.9157,22.7365],[88.9279,22.7181],[88.9624,22.695],[88.9616,22.6852],[88.9479,22.6776],[88.945,22.6624],[88.9258,22.6503],[88.9349,22.6262],[88.9584,22.6164],[88.9372,22.5914],[88.9424,22.5624],[88.9631,22.5485],[88.9744,22.4973],[88.9971,22.4699],[88.9906,22.4456],[89.0018,22.4305],[88.9735,22.4115],[88.993,22.3908],[88.9836,22.375],[88.99,22.365],[88.9842,22.3273],[89.0008,22.3238],[89.0242,22.2976],[88.9985,22.2964],[88.9942,22.2868],[89.0197,22.2681],[89.0121,22.2539],[89.033,22.2586],[89.0401,22.2283],[89.0708,22.1972],[89.0634,22.1688],[89.0724,22.1475],[89.0898,22.1603],[89.0981,22.1536],[89.093,22.1439],[89.0493,22.1156],[89.0394,22.0998],[89.0483,22.0585],[89.0816,22.0107],[89.0707,22.0114],[89.0662,21.9358],[89.0271,21.9258],[89.0006,21.9507],[89.013,21.9705],[89.0073,21.9732],[88.9866,21.9462],[89.0219,21.9216],[89.0096,21.8961],[88.9621,21.9237],[88.9399,21.9265],[88.9255,21.9429],[88.9247,21.9605],[88.9484,21.9992],[88.9391,22.0261],[88.9395,22.0568],[88.9808,22.08],[88.988,22.1126],[88.9652,22.0756],[88.9335,22.0678],[88.9309,21.9873],[88.9159,21.9778],[88.9092,22.0007],[88.8986,22.002],[88.9017,21.9763],[88.8948,21.9679],[88.9036,21.9683],[88.9052,21.962],[88.9026,21.9385],[88.894,21.9425],[88.8992,21.9241],[88.872,21.9205],[88.8628,21.9301],[88.8409,21.9367],[88.8409,21.9691],[88.837,21.9754],[88.8294,21.9749],[88.8048,21.9662],[88.7828,21.9685],[88.7828,21.9826],[88.7762,21.987],[88.7576,21.9842],[88.7613,21.9995],[88.7421,21.9791],[88.7623,22.0154],[88.7523,22.0491],[88.7756,22.0505],[88.7482,22.0563],[88.7587,22.079],[88.7773,22.0871],[88.7854,22.1068],[88.8036,22.1071],[88.8114,22.1245],[88.831,22.123],[88.8067,22.1326],[88.7959,22.1133],[88.785,22.1147],[88.772,22.107],[88.7704,22.0932],[88.7518,22.0837],[88.7281,22.0438],[88.74,22.0202],[88.7068,21.9898],[88.6996,21.9726],[88.7049,21.9459],[88.6516,21.9446],[88.6374,21.9576],[88.6251,21.9561],[88.6221,21.9878],[88.6467,22.0394],[88.6468,22.0487],[88.6381,22.0461],[88.6216,22.0257],[88.6027,21.9821],[88.605,21.961],[88.6188,21.9385],[88.6051,21.9332],[88.6061,21.9055],[88.5723,21.8841],[88.5683,21.9053],[88.5621,21.9007],[88.5424,21.9082],[88.5386,21.9003],[88.5462,21.8808],[88.538,21.8726],[88.5383,21.8602],[88.5238,21.8536],[88.4949,21.877],[88.4978,21.8913],[88.5136,21.9027],[88.5205,21.9107],[88.5253,21.9182],[88.502,21.8968],[88.5237,21.924],[88.5212,21.9406],[88.4984,21.9654],[88.5151,21.9881],[88.4958,21.9739],[88.4934,21.9603],[88.5074,21.9316],[88.5033,21.9206],[88.4801,21.9067],[88.4762,21.8974],[88.5015,21.8091],[88.4662,21.7833],[88.454,21.751],[88.4553,21.7124],[88.4408,21.7102],[88.4141,21.6927],[88.4125,21.654],[88.4328,21.6239],[88.4127,21.6083],[88.4111,21.5837],[88.3879,21.5937],[88.3956,21.5995],[88.3831,21.6084],[88.3842,21.6515],[88.3691,21.6801],[88.3508,21.6922],[88.33,21.7223],[88.3224,21.7216],[88.3302,21.7089],[88.3046,21.7175],[88.3092,21.7362],[88.2997,21.7843],[88.2654,21.8013],[88.3014,21.8238],[88.3099,21.8357],[88.2638,21.8118],[88.2627,21.8009],[88.27,21.7918],[88.2906,21.7728],[88.2955,21.7276],[88.2739,21.7275],[88.3054,21.6699],[88.2908,21.6234],[88.2966,21.5942],[88.2858,21.5941],[88.2846,21.5875],[88.287,21.5763],[88.2765,21.5803],[88.2739,21.5765],[88.2744,21.5687],[88.2507,21.5577],[88.2405,21.5724],[88.2584,21.5944],[88.242,21.6198],[88.2543,21.6302],[88.2397,21.621],[88.2542,21.5956],[88.246,21.5844],[88.2317,21.6063],[88.2183,21.615],[88.237,21.6437],[88.2305,21.6579],[88.2265,21.6564],[88.2308,21.6435],[88.2102,21.6173],[88.2116,21.6004],[88.2027,21.6059],[88.1813,21.6624],[88.1783,21.702],[88.1972,21.7223],[88.2026,21.7107],[88.1812,21.6874],[88.207,21.7097],[88.215,21.7633],[88.2022,21.7964],[88.1957,21.8426],[88.1582,21.8873],[88.1694,21.9069],[88.1646,21.9303],[88.1413,21.9573],[88.151,21.9637],[88.1474,21.966],[88.1588,21.9912],[88.1918,22.0218],[88.2128,22.0516],[88.2252,22.0791],[88.2243,22.0992],[88.1944,22.1836],[88.1644,22.1978],[88.1329,22.2009],[88.1159,22.2093],[88.0716,22.2098],[88.07,22.2153],[88.0882,22.2429],[88.0879,22.2704],[88.1027,22.2879],[88.1061,22.285],[88.1086,22.2861],[88.1031,22.289],[88.1009,22.3322],[88.1069,22.3747],[88.1455,22.4086],[88.1459,22.4255],[88.1264,22.4482],[88.1219,22.4663],[88.1657,22.4763],[88.2051,22.51],[88.2398,22.5224],[88.2426,22.5306],[88.2337,22.5452],[88.2384,22.5611],[88.2562,22.5619],[88.3048,22.5484],[88.3229,22.5538],[88.3071,22.5517],[88.2569,22.5634],[88.2367,22.5625],[88.2318,22.5451],[88.2372,22.5276],[88.1981,22.5158],[88.1684,22.4847],[88.1287,22.4788],[88.1146,22.4686],[88.119,22.4443],[88.1385,22.4145],[88.1001,22.3853],[88.088,22.3667],[88.0902,22.3045],[88.0764,22.2877],[88.0717,22.2448],[88.0483,22.2178],[88.0259,22.2224],[88.0137,22.2407],[87.9592,22.2802],[87.9579,22.3509],[87.9479,22.4165],[87.9239,22.4311],[87.8977,22.4316],[87.8809,22.4488],[87.8969,22.4577],[87.9058,22.4717],[87.9022,22.488],[87.8887,22.4954],[87.8953,22.5152],[87.8914,22.5274],[87.8969,22.5293],[87.901,22.5372],[87.8897,22.5284],[87.8869,22.5382],[87.8835,22.5306],[87.8659,22.5334],[87.8631,22.541],[87.8453,22.5563],[87.8502,22.5814],[87.857,22.5849],[87.8544,22.5973],[87.8427,22.5571],[87.8646,22.5312],[87.8873,22.5247],[87.8899,22.5149],[87.8797,22.4924],[87.8996,22.4706],[87.8819,22.4643],[87.8732,22.4477],[87.8966,22.4278],[87.9367,22.4216],[87.9498,22.3539],[87.9505,22.2826],[87.9681,22.2599],[88.009,22.2403],[88.007,22.2333],[87.9953,22.2352],[87.9913,22.2276],[87.9948,22.2088],[88.0217,22.1984],[88.0359,22.207],[88.0712,22.1832],[88.103,22.1919],[88.1341,22.1828],[88.1863,22.1217],[88.1901,22.1132],[88.1837,22.0975],[88.1575,22.0662],[88.0657,22.0163],[88.0446,22.0298],[88.0303,22.0494],[88.0323,22.0635],[88.0268,22.0705],[87.9886,22.0918],[87.9886,22.0809],[88.015,22.0626],[88.0216,22.0395],[88.0349,22.0201],[88.0472,22.0163],[88.0496,22.0033],[88.0207,21.948],[88.0136,21.9451],[87.9959,21.8919],[87.9746,21.856],[87.9399,21.8174],[87.8935,21.7935],[87.8855,21.7751],[87.8688,21.759],[87.7927,21.7046],[87.7464,21.6953],[87.7424,21.6802],[87.6749,21.6535],[87.6738,21.6456],[87.6612,21.644],[87.6416,21.6552],[87.6318,21.6438],[87.5741,21.6356],[87.515,21.616],[87.4863,21.6097],[87.4836,21.619],[87.4841,21.6106],[87.4438,21.5962],[87.4142,21.5605],[87.4127,21.5506],[87.3781,21.559],[87.2592,21.5545],[87.1987,21.5461],[87.1248,21.5115],[87.1174,21.5174],[87.1039,21.491],[87.071,21.4685],[87.0599,21.4728],[87.0251,21.431],[86.945,21.3557],[86.8591,21.2129],[86.8413,21.2037],[86.8599,21.2084],[86.8613,21.2036],[86.8472,21.1788],[86.8471,21.1203],[86.8738,21.0464],[86.8989,21.0113],[86.9718,20.8708],[86.986,20.8549],[86.9714,20.7867],[86.9554,20.7742],[86.9482,20.7772],[86.9508,20.774],[86.9423,20.7728],[86.9444,20.7663],[86.9768,20.7717],[87.0149,20.7659],[87.024,20.7696],[87.0415,20.7587],[87.0416,20.7372],[87.0585,20.7166],[86.8692,20.5907],[86.7755,20.5206],[86.7459,20.4678],[86.741,20.471],[86.7345,20.4639],[86.7288,20.4405],[86.7338,20.4146],[86.7246,20.3936],[86.7395,20.4006],[86.7379,20.3897],[86.7461,20.3914],[86.7436,20.3802],[86.7515,20.3875],[86.7467,20.3784],[86.7765,20.4052],[86.7812,20.3784],[86.7975,20.3755],[86.791,20.3656],[86.7892,20.3744],[86.7821,20.3657],[86.7791,20.3564],[86.7918,20.3646],[86.7946,20.369],[86.7983,20.3632],[86.7784,20.3443],[86.7828,20.3407],[86.7751,20.3312],[86.7476,20.307],[86.6812,20.271],[86.6798,20.2642],[86.6755,20.2751],[86.6693,20.2757],[86.6721,20.2624],[86.6802,20.2599],[86.5956,20.2244],[86.5204,20.1701],[86.4921,20.118],[86.434,20.0521],[86.414,20.0106],[86.414,19.9973],[86.3846,19.976],[86.3744,19.9567],[86.414,19.9741],[86.411,19.9683],[86.3882,19.952],[86.3092,19.9385],[86.1962,19.8871],[86.0604,19.8481],[85.8642,19.8033],[85.7833,19.7792],[85.6392,19.7237],[85.4072,19.6139],[85.3248,19.5685],[85.146,19.4476],[85.1026,19.4114],[85.0785,19.374],[84.9882,19.3206],[84.932,19.2782],[84.8147,19.1629],[84.7652,19.0776],[84.6869,18.9709],[84.6764,18.9677],[84.6845,18.9675],[84.5865,18.8667],[84.5749,18.8376],[84.5578,18.8178],[84.5519,18.791],[84.4697,18.7144],[84.4486,18.6855],[84.4399,18.6595],[84.3667,18.5909],[84.3547,18.5549],[84.215,18.4413],[84.1474,18.3734],[84.1269,18.3439],[84.1269,18.3134],[84.0788,18.2877],[84.071,18.2766],[83.9359,18.209],[83.8882,18.1955],[83.8604,18.1743],[83.8099,18.156],[83.795,18.1684],[83.8053,18.154],[83.7073,18.106],[83.6048,18.0373],[83.5694,18.0118],[83.5588,17.9966],[83.5583,17.9824],[83.5318,17.9511],[83.5201,17.9515],[83.525,17.9473],[83.513,17.9373],[83.4587,17.9011],[83.4437,17.8728],[83.4071,17.841],[83.4162,17.8337],[83.4109,17.8094],[83.389,17.7902],[83.3858,17.7774],[83.3546,17.756],[83.344,17.7376],[83.3464,17.7261],[83.2969,17.6933],[83.2949,17.6745],[83.2385,17.63],[83.2165,17.5955],[83.1487,17.5572],[83.0325,17.5144],[82.9748,17.4661],[82.7264,17.3549],[82.5619,17.2616],[82.4431,17.1748],[82.3193,17.0578],[82.2882,17.016],[82.2686,16.9565],[82.2714,16.948],[82.2723,16.9478],[82.2757,16.9514],[82.2771,16.9517],[82.2649,16.9389],[82.2706,16.9414],[82.2735,16.9476],[82.2768,16.9506],[82.2779,16.9507],[82.2711,16.9413],[82.2467,16.9178],[82.243,16.9178],[82.2414,16.908],[82.249,16.8941],[82.2483,16.8765],[82.2598,16.8845],[82.266,16.8698],[82.2819,16.872],[82.2823,16.8648],[82.3016,16.8626],[82.3142,16.8459],[82.3267,16.8551],[82.3494,16.8505],[82.3616,16.8544],[82.3633,16.9173],[82.3577,16.95],[82.3263,16.9883],[82.3384,16.9867],[82.3556,16.9678],[82.3664,16.9114],[82.3653,16.876],[82.3418,16.7284],[82.3393,16.7161],[82.3333,16.7167],[82.3449,16.7046],[82.3347,16.6991],[82.3354,16.6901],[82.3277,16.6849],[82.3378,16.6898],[82.354,16.7056],[82.3464,16.7156],[82.3537,16.7136],[82.355,16.7043],[82.3599,16.7108],[82.3653,16.7067],[82.3455,16.6965],[82.3173,16.6623],[82.3291,16.6145],[82.3189,16.5768],[82.3136,16.5749],[82.3178,16.5817],[82.3148,16.5811],[82.3092,16.5926],[82.318,16.5872],[82.3255,16.6168],[82.3128,16.668],[82.3121,16.6271],[82.3069,16.6228],[82.3075,16.6399],[82.3042,16.6288],[82.3045,16.6367],[82.296,16.626],[82.2999,16.6363],[82.2956,16.626],[82.2843,16.626],[82.2904,16.6097],[82.2849,16.6],[82.2946,16.6025],[82.2988,16.5864],[82.2873,16.571],[82.2631,16.563],[82.2769,16.5594],[82.2935,16.563],[82.2937,16.5676],[82.2972,16.5676],[82.2937,16.5581],[82.281,16.5586],[82.29,16.5549],[82.2996,16.5582],[82.2992,16.5722],[82.3009,16.5624],[82.3107,16.5677],[82.3134,16.5648],[82.3137,16.5587],[82.3129,16.5635],[82.2995,16.5559],[82.2349,16.546],[81.9704,16.4076],[81.9577,16.3924],[81.9394,16.3954],[81.8782,16.3826],[81.7208,16.3069],[81.7166,16.3073],[81.7192,16.3156],[81.6906,16.3275],[81.4872,16.3551],[81.3938,16.3425],[81.3054,16.3035],[81.2651,16.2781],[81.2462,16.2589],[81.2138,16.2072],[81.1914,16.1028],[81.1455,16.0129],[81.148,15.9737],[81.1414,15.9687],[81.1349,15.9722],[81.1325,15.9621],[81.0554,15.8972],[81.0048,15.8378],[81.0072,15.8167],[81.0206,15.793],[81.0113,15.8015],[81.0072,15.7901],[81.0145,15.7713],[81.0119,15.766],[80.9985,15.7697],[80.9993,15.7589],[81.0095,15.7618],[81.0085,15.7529],[80.9715,15.7327],[80.9624,15.7336],[80.9621,15.7271],[80.9372,15.7144],[80.932,15.7237],[80.85,15.7059],[80.8215,15.7093],[80.8096,15.7219],[80.8092,15.735],[80.7981,15.7424],[80.7884,15.7572],[80.7877,15.7643],[80.7905,15.7699],[80.7996,15.7768],[80.7904,15.7687],[80.7912,15.7536],[80.8102,15.7353],[80.8114,15.7271],[80.8167,15.717],[80.8223,15.7104],[80.8133,15.7287],[80.8165,15.7413],[80.8153,15.7328],[80.8171,15.7271],[80.8175,15.7494],[80.7796,15.8353],[80.7802,15.8416],[80.8009,15.8058],[80.8025,15.8161],[80.8156,15.8107],[80.807,15.8404],[80.7739,15.8663],[80.6806,15.8854],[80.6767,15.8803],[80.6047,15.8703],[80.5365,15.8523],[80.4286,15.8047],[80.3456,15.7512],[80.2887,15.6934],[80.2491,15.628],[80.2431,15.6301],[80.2479,15.6258],[80.2397,15.6216],[80.245,15.6203],[80.2372,15.6007],[80.2291,15.6042],[80.2206,15.6009],[80.2347,15.5991],[80.2241,15.595],[80.2224,15.5827],[80.2255,15.5931],[80.2351,15.5906],[80.2247,15.5683],[80.229,15.5689],[80.2279,15.5468],[80.2197,15.5383],[80.2257,15.54],[80.2248,15.5335],[80.2185,15.5233],[80.214,15.5262],[80.2153,15.5157],[80.2021,15.5154],[80.2096,15.5115],[80.1942,15.505],[80.2031,15.5061],[80.1988,15.4931],[80.2105,15.4935],[80.205,15.4739],[80.1218,15.3679],[80.0847,15.2833],[80.0824,15.2527],[80.0882,15.2388],[80.0817,15.2492],[80.0807,15.241],[80.0875,15.2245],[80.0834,15.2224],[80.0884,15.2239],[80.0889,15.2357],[80.089,15.2119],[80.0836,15.1911],[80.0709,15.1826],[80.0797,15.1811],[80.0557,15.1234],[80.047,15.0786],[80.0528,15.0117],[80.0675,14.9324],[80.0844,14.8832],[80.0977,14.7795],[80.1115,14.7411],[80.1421,14.7035],[80.1712,14.6117],[80.1955,14.5858],[80.1773,14.495],[80.1686,14.3549],[80.1438,14.2894],[80.1301,14.2312],[80.1264,14.1643],[80.1338,14.0969],[80.15,14.0313],[80.2506,13.796],[80.2537,13.7809],[80.2339,13.6972],[80.2352,13.6475],[80.2426,13.6164],[80.272,13.5572],[80.298,13.4839],[80.326,13.4416],[80.3465,13.3132],[80.3452,13.2798],[80.3127,13.1674],[80.2984,13.1374],[80.3042,13.1303],[80.2978,13.1327],[80.2968,13.1239],[80.3055,13.1303],[80.3004,13.1214],[80.3049,13.11],[80.3033,13.106],[80.3014,13.112],[80.3017,13.0986],[80.2949,13.0929],[80.3007,13.0911],[80.3037,13.1025],[80.3107,13.1081],[80.2873,13.067],[80.2668,12.9696],[80.2562,12.8427],[80.2658,12.7819],[80.2584,12.7565],[80.2447,12.7513],[80.2271,12.7078],[80.2006,12.6171],[80.1656,12.5275],[80.157,12.4682],[80.1133,12.4019],[80.0342,12.3017],[79.8789,12.0544],[79.8469,11.9784],[79.8048,11.8275],[79.7605,11.6243],[79.7569,11.5561],[79.7628,11.5295],[79.7739,11.5046],[79.7674,11.5116],[79.7726,11.501],[79.7781,11.5015],[79.7706,11.5137],[79.7783,11.5068],[79.8074,11.444],[79.8242,11.3628],[79.8387,11.3538],[79.8337,11.3018],[79.8525,11.1966],[79.8568,11.1125],[79.8505,10.9897],[79.8527,10.8333],[79.8452,10.818],[79.8343,10.8129],[79.8487,10.8104],[79.8625,10.473],[79.8584,10.4722],[79.8628,10.4702],[79.8653,10.4013],[79.8803,10.3046],[79.8683,10.2867],[79.8467,10.2799],[79.8162,10.2759],[79.8191,10.2792],[79.8132,10.2887],[79.8145,10.2828],[79.8099,10.2845],[79.8155,10.2769],[79.802,10.2741],[79.8017,10.2785],[79.7966,10.2733],[79.7117,10.2793],[79.7208,10.288],[79.705,10.2928],[79.6387,10.3422],[79.637,10.3786],[79.56,10.3857],[79.5556,10.3739],[79.5424,10.3654],[79.5382,10.3686],[79.5354,10.3588],[79.5025,10.3798],[79.5024,10.3491],[79.4759,10.3507],[79.4718,10.316],[79.3879,10.3175],[79.3602,10.2912],[79.3291,10.2843],[79.2983,10.2633],[79.2681,10.2328],[79.2778,10.222],[79.2772,10.2133],[79.2649,10.1974],[79.2414,10.1848],[79.2387,10.1598],[79.2255,10.1458],[79.2333,10.1271],[79.227,10.1191],[79.2292,10.1074],[79.223,10.106],[79.2197,10.1126],[79.2193,10.113],[79.219,10.1126],[79.2225,10.1055],[79.2288,10.1053],[79.2313,10.0829],[79.2274,10.0844],[79.2231,10.0812],[79.2302,10.0829],[79.227,10.0736],[79.2315,10.0819],[79.234,10.0706],[79.2479,10.0708],[79.2533,10.0585],[79.247,10.0568],[79.266,10.0392],[79.2147,10.0],[79.1504,9.9196],[79.1448,9.9187],[79.1451,9.9242],[79.1436,9.9187],[79.1387,9.9208],[79.1469,9.9114],[79.1398,9.9046],[79.1391,9.9074],[79.1365,9.9096],[79.1395,9.9044],[79.1313,9.897],[79.128,9.9027],[79.1267,9.9037],[79.1254,9.9037],[79.1297,9.8958],[79.1239,9.8835],[79.1183,9.8906],[79.1111,9.8928],[79.1214,9.8805],[79.1157,9.8795],[79.1128,9.8602],[79.1221,9.8603],[79.1198,9.8537],[79.11,9.8578],[79.1168,9.8504],[79.0855,9.8198],[79.055,9.7717],[79.0318,9.7571],[78.9927,9.7096],[78.9738,9.6777],[78.9556,9.6242],[78.9291,9.5843],[78.9229,9.5621],[78.9243,9.5286],[78.9096,9.4985],[78.9153,9.499],[78.9144,9.4929],[78.899,9.4911],[78.9004,9.4686],[78.9335,9.4119],[79.0129,9.3329],[79.0673,9.2979],[79.184,9.2828],[79.21,9.2836],[79.2199,9.2916],[79.2658,9.2927],[79.2906,9.3198],[79.3178,9.3258],[79.335,9.312],[79.3148,9.2831],[79.3238,9.2635],[79.4163,9.1871],[79.4357,9.1641],[79.4353,9.1578],[79.4162,9.1772],[79.2992,9.2467],[79.2511,9.26],[79.2149,9.2562],[79.2165,9.2709],[79.2128,9.2667],[79.2039,9.2754],[79.2011,9.2685],[79.2024,9.2781],[79.207,9.2825],[79.1461,9.277],[79.0886,9.2611],[78.9646,9.2739],[78.924,9.2663],[78.9087,9.2515],[78.8608,9.2548],[78.7325,9.2115],[78.7174,9.2008],[78.7165,9.189],[78.6641,9.1934],[78.6427,9.1757],[78.6573,9.1576],[78.6061,9.1477],[78.5784,9.1303],[78.5321,9.1373],[78.4541,9.1253],[78.4085,9.1113],[78.2149,8.966],[78.1865,8.9236],[78.1798,8.8927],[78.1668,8.8729],[78.1679,8.8259],[78.1638,8.803],[78.158,8.7992],[78.1637,8.7839],[78.16,8.7802],[78.1793,8.7667],[78.1973,8.7888],[78.1975,8.7648],[78.2261,8.7515],[78.2159,8.7424],[78.1927,8.7512],[78.1658,8.744],[78.1539,8.7122],[78.1358,8.6933],[78.1286,8.6713],[78.1264,8.6247],[78.1378,8.586],[78.1233,8.5302],[78.1236,8.5087],[78.1304,8.4969],[78.0637,8.418],[78.0567,8.3794],[78.0672,8.3733],[77.9716,8.3331],[77.9525,8.3139],[77.8789,8.2681],[77.8027,8.2402],[77.7836,8.2216],[77.7811,8.201],[77.7445,8.1769],[77.7139,8.1665],[77.6402,8.1574],[77.5769,8.1367],[77.5586,8.1193],[77.558,8.0977],[77.5641,8.0923],[77.5511,8.078],[77.4467,8.0942],[77.3339,8.1265],[77.3155,8.121],[77.2789,8.1602],[77.2398,8.1762],[77.2228,8.1962],[77.1845,8.2187],[77.1491,8.2556],[77.0957,8.2927],[77.022,8.3566],[77.0054,8.3619],[76.9984,8.3791],[76.9867,8.3781],[76.9729,8.3921],[76.9699,8.4144],[76.8834,8.5112],[76.6712,8.7822],[76.6707,8.7919],[76.6545,8.8041],[76.6022,8.8693],[76.5776,8.8859],[76.5659,8.8836],[76.5485,8.8996],[76.5226,8.9974],[76.4856,9.0861],[76.4888,9.0902],[76.4765,9.1172],[76.4817,9.1242],[76.4636,9.1334],[76.3575,9.364],[76.3239,9.4605],[76.3026,9.574],[76.2769,9.8087],[76.233,9.9911],[76.2195,10.0035],[76.2057,10.0401],[76.1785,10.1446],[76.165,10.1744],[76.169,10.1845],[76.154,10.2008],[76.1389,10.2343],[76.1385,10.2592],[76.0939,10.3936],[76.0614,10.4665],[76.0319,10.5081],[76.0097,10.5734],[75.9553,10.6843],[75.9608,10.6875],[75.9535,10.6877],[75.9237,10.7667],[75.9007,10.8039],[75.8512,11.055],[75.8299,11.127],[75.7968,11.1805],[75.7664,11.2715],[75.7385,11.3293],[75.7386,11.3585],[75.6876,11.44],[75.661,11.4597],[75.6322,11.4634],[75.6198,11.4787],[75.5578,11.6517],[75.534,11.6985],[75.5103,11.7297],[75.4803,11.753],[75.4727,11.7698],[75.4572,11.7672],[75.4565,11.7815],[75.387,11.8591],[75.3763,11.861],[75.3649,11.8525],[75.3569,11.8558],[75.3485,11.8766],[75.3199,11.9004],[75.323,11.9096],[75.308,11.9405],[75.3154,11.9438],[75.3154,11.9532],[75.3088,11.9659],[75.2975,11.966],[75.2874,11.9865],[75.3006,11.954],[75.2834,11.9641],[75.2425,12.0223],[75.2294,12.0238],[75.208,12.0039],[75.203,12.0054],[75.0582,12.3522],[75.0415,12.3884],[75.0313,12.3916],[75.0147,12.4179],[74.9735,12.5012],[74.8793,12.7181],[74.8667,12.7501],[74.8678,12.7659],[74.8642,12.7709],[74.8642,12.7614],[74.8244,12.8491],[74.8075,12.9243],[74.8205,12.9296],[74.8176,12.9358],[74.8064,12.9295],[74.7163,13.3126],[74.7075,13.3347],[74.6935,13.3438],[74.7002,13.3445],[74.6911,13.455],[74.6954,13.4552],[74.6888,13.4643],[74.6685,13.6402],[74.6455,13.682],[74.6099,13.8656],[74.596,13.8832],[74.5867,13.9183],[74.5692,13.9468],[74.5492,13.9492],[74.5139,13.9869],[74.5013,14.0234],[74.4689,14.1887],[74.4639,14.2006],[74.4534,14.2003],[74.4416,14.2246],[74.4129,14.3173],[74.4013,14.3956],[74.3941,14.4183],[74.3811,14.4245],[74.3835,14.4396],[74.3637,14.4941],[74.3546,14.5026],[74.3599,14.511],[74.3557,14.5209],[74.3447,14.5214],[74.3402,14.5147],[74.3102,14.5214],[74.3159,14.5266],[74.3108,14.5368],[74.3147,14.5458],[74.293,14.5966],[74.2704,14.6273],[74.2816,14.6265],[74.2864,14.6343],[74.2786,14.6566],[74.2843,14.6636],[74.2755,14.6667],[74.2825,14.6766],[74.2721,14.7004],[74.2571,14.7068],[74.2649,14.7129],[74.2493,14.7412],[74.2267,14.748],[74.2275,14.7381],[74.2038,14.7365],[74.2084,14.7177],[74.1926,14.7267],[74.193,14.7347],[74.1771,14.7506],[74.1521,14.7471],[74.1577,14.76],[74.1414,14.7793],[74.1281,14.7806],[74.119,14.7743],[74.1178,14.7866],[74.1102,14.7851],[74.1095,14.7926],[74.0927,14.8041],[74.1126,14.8052],[74.1133,14.7969],[74.1242,14.8051],[74.1248,14.8396],[74.1127,14.8451],[74.0958,14.8983],[74.0844,14.8997],[74.0802,14.9101],[74.0662,14.9069],[74.0433,14.9176],[74.047,14.9344],[74.0426,14.9475],[74.0492,14.9583],[74.0345,14.9831],[74.0402,14.9965],[74.027,14.9978],[74.0256,15.0075],[74.0161,15.0122],[74.0202,15.0182],[74.0128,15.01],[73.997,15.0209],[73.9886,15.02],[73.9854,15.0286],[73.9902,15.0327],[73.9799,15.0551],[73.9811,15.0539],[73.9831,15.0539],[73.9875,15.0562],[73.9794,15.0557],[73.9742,15.05],[73.9666,15.0657],[73.9541,15.073],[73.9319,15.0782],[73.9254,15.0858],[73.912,15.0846],[73.9268,15.0964],[73.9248,15.1049],[73.9176,15.1072],[73.9404,15.1176],[73.9359,15.1332],[73.9456,15.1418],[73.9494,15.1413],[73.9533,15.1377],[73.9548,15.1365],[73.9556,15.1365],[73.9483,15.1458],[73.9274,15.2296],[73.8835,15.3538],[73.8695,15.3704],[73.8416,15.3594],[73.831,15.3705],[73.808,15.3766],[73.8031,15.3947],[73.7897,15.3949],[73.7823,15.4109],[73.7909,15.4185],[73.7851,15.4383],[73.789,15.4649],[73.775,15.4901],[73.7659,15.4939],[73.7492,15.5637],[73.7411,15.5635],[73.7315,15.5896],[73.7313,15.608],[73.7439,15.6067],[73.7221,15.6278],[73.6936,15.7006],[73.6912,15.7212],[73.6792,15.7206],[73.6642,15.739],[73.6524,15.7437],[73.6637,15.7523],[73.663,15.7631],[73.6491,15.8029],[73.6362,15.8158],[73.6288,15.8475],[73.6194,15.8579],[73.6135,15.8544],[73.6058,15.881],[73.588,15.9087],[73.5935,15.9145],[73.5701,15.9119],[73.567,15.9163],[73.5719,15.9207],[73.5706,15.9247],[73.5639,15.92],[73.5345,15.9388],[73.531,15.9326],[73.5187,15.9407],[73.5099,15.9367],[73.4894,15.9877],[73.4837,16.034],[73.4664,16.046],[73.4665,16.0541],[73.4571,16.0537],[73.4658,16.0759],[73.458,16.0807],[73.4586,16.1166],[73.4391,16.193],[73.4271,16.2041],[73.4049,16.2958],[73.394,16.313],[73.3922,16.3319],[73.3853,16.3366],[73.3869,16.3543],[73.3685,16.3635],[73.3713,16.3897],[73.3744,16.3794],[73.389,16.395],[73.4022,16.3912],[73.4072,16.4041],[73.3973,16.3992],[73.3872,16.4041],[73.3793,16.3953],[73.3656,16.3977],[73.3559,16.4441],[73.3493,16.4479],[73.3249,16.5142],[73.3161,16.5127],[73.3181,16.5301],[73.3116,16.5408],[73.3179,16.5553],[73.3216,16.5496],[73.3323,16.562],[73.3534,16.5214],[73.372,16.5111],[73.3864,16.5118],[73.3551,16.5291],[73.3577,16.5417],[73.35,16.544],[73.3459,16.5556],[73.3558,16.5531],[73.3557,16.5636],[73.3429,16.5663],[73.3457,16.576],[73.3409,16.58],[73.3329,16.5768],[73.3239,16.582],[73.317,16.6007],[73.3202,16.607],[73.3311,16.6081],[73.3518,16.5933],[73.3494,16.6027],[73.3405,16.6058],[73.3463,16.6122],[73.3515,16.6094],[73.3555,16.6261],[73.3316,16.6194],[73.3405,16.6277],[73.3386,16.6357],[73.3309,16.6404],[73.3226,16.6354],[73.3217,16.6447],[73.3319,16.6535],[73.3282,16.679],[73.3055,16.7293],[73.3048,16.7662],[73.3171,16.8062],[73.2957,16.8151],[73.2934,16.8393],[73.2877,16.8438],[73.2929,16.8497],[73.2879,16.8577],[73.3002,16.861],[73.2948,16.8605],[73.2859,16.8804],[73.3033,16.8906],[73.2946,16.8982],[73.2777,16.8926],[73.2872,16.9168],[73.2821,16.9501],[73.2919,16.9564],[73.2954,16.9831],[73.2818,17.0007],[73.2759,17.0216],[73.2581,17.0192],[73.2545,17.0271],[73.2563,17.0474],[73.2788,17.0454],[73.2877,17.0725],[73.2787,17.108],[73.2662,17.112],[73.2697,17.1281],[73.2527,17.1885],[73.2308,17.1987],[73.2443,17.1976],[73.2413,17.2245],[73.2239,17.2474],[73.2287,17.2507],[73.2217,17.2555],[73.2202,17.2685],[73.2127,17.2739],[73.2044,17.2687],[73.2028,17.2865],[73.1891,17.2985],[73.1963,17.3066],[73.2047,17.2987],[73.2205,17.303],[73.2259,17.2818],[73.2425,17.285],[73.2422,17.2802],[73.2491,17.2807],[73.2491,17.2959],[73.2338,17.2933],[73.2421,17.3155],[73.2182,17.3291],[73.2214,17.333],[73.2275,17.3331],[73.2303,17.3352],[73.2243,17.3337],[73.2147,17.3454],[73.2193,17.3552],[73.2071,17.3859],[73.1775,17.3868],[73.1671,17.4039],[73.1763,17.4041],[73.1871,17.4143],[73.1866,17.43],[73.1956,17.4374],[73.2065,17.4347],[73.2113,17.4373],[73.1867,17.4421],[73.1837,17.4554],[73.1921,17.4666],[73.1772,17.5078],[73.1799,17.5084],[73.1809,17.503],[73.1834,17.5025],[73.1846,17.5097],[73.1815,17.5037],[73.1796,17.5097],[73.1714,17.5183],[73.1731,17.5183],[73.1614,17.5298],[73.1547,17.5286],[73.1368,17.556],[73.1399,17.5679],[73.1643,17.5813],[73.1358,17.6125],[73.1265,17.6374],[73.1345,17.6441],[73.115,17.6804],[73.1143,17.6957],[73.134,17.7079],[73.1312,17.7257],[73.1087,17.7905],[73.0939,17.81],[73.0879,17.8073],[73.0925,17.8251],[73.0719,17.8847],[73.0477,17.9081],[73.0538,17.9153],[73.0464,17.9319],[73.029,17.9448],[73.0336,17.9853],[73.0184,17.9903],[73.016,18.0057],[73.0029,18.021],[73.0242,18.0223],[73.0405,18.0358],[73.0557,18.0336],[73.0529,18.0397],[73.0641,18.0454],[73.0739,18.0416],[73.0859,18.0536],[73.0799,18.0676],[73.0707,18.066],[73.0389,18.0511],[73.0252,18.0513],[73.016,18.0325],[73.0081,18.0504],[72.9907,18.0534],[72.9932,18.0655],[73.0012,18.0696],[72.971,18.1315],[72.9807,18.1357],[72.99,18.1604],[72.9942,18.1577],[72.9922,18.1616],[72.9874,18.1602],[72.9783,18.1931],[72.9933,18.1856],[73.0039,18.1904],[72.9812,18.1948],[72.9452,18.2229],[72.9382,18.2155],[72.9317,18.2191],[72.9418,18.233],[72.9348,18.2725],[72.9412,18.2853],[72.9662,18.2785],[72.974,18.2629],[72.9678,18.2558],[72.9719,18.2429],[72.9789,18.2394],[72.9982,18.2449],[72.9999,18.2602],[73.0193,18.2583],[73.0433,18.2463],[73.062,18.2689],[73.0471,18.2851],[73.0415,18.283],[73.043,18.2648],[73.034,18.264],[73.0208,18.2689],[73.0162,18.2836],[72.9991,18.2915],[72.9923,18.2736],[72.981,18.2998],[72.9697,18.3],[72.9665,18.3111],[72.9552,18.3159],[72.9608,18.3197],[72.9527,18.3349],[72.9347,18.3441],[72.9331,18.3513],[72.9236,18.3534],[72.9198,18.3474],[72.914,18.3547],[72.9119,18.3689],[72.9295,18.3725],[72.9244,18.3743],[72.9235,18.3924],[72.9123,18.3939],[72.906,18.4032],[72.906,18.4389],[72.8946,18.4632],[72.905,18.5022],[72.9111,18.5024],[72.9166,18.5058],[72.9096,18.5037],[72.9055,18.5431],[72.9319,18.5402],[72.9234,18.5456],[72.8835,18.6388],[72.8709,18.6402],[72.8652,18.6518],[72.8658,18.6694],[72.8553,18.6992],[72.8647,18.7228],[72.8639,18.791],[72.8698,18.8044],[72.882,18.8047],[72.8901,18.7988],[72.9001,18.8039],[72.9047,18.7923],[72.9153,18.7915],[72.93,18.8024],[72.936,18.8236],[72.9463,18.8224],[72.9374,18.7978],[72.9407,18.7931],[72.9562,18.7965],[72.9765,18.7862],[72.9745,18.7818],[72.9924,18.777],[72.9738,18.7498],[72.9859,18.7499],[72.9951,18.7853],[72.9481,18.8331],[72.9202,18.8365],[72.8428,18.8633],[72.8641,18.9081],[72.9058,18.9361],[72.9144,18.9499],[72.9091,18.9734],[72.8818,18.9857],[72.8857,19.0121],[72.8782,19.0219],[72.8543,18.9972],[72.8605,18.9815],[72.8488,18.9777],[72.8552,18.976],[72.846,18.9648],[72.8434,18.9303],[72.8356,18.9284],[72.8284,18.9122],[72.8182,18.9082],[72.8093,18.8935],[72.8044,18.9094],[72.8167,18.9088],[72.8259,18.9205],[72.8199,18.9279],[72.8226,18.9444],[72.809,18.9555],[72.7928,18.9407],[72.8041,18.9737],[72.8138,18.983],[72.8111,19.0015],[72.8175,19.0256],[72.823,19.0174],[72.8326,19.0237],[72.8388,19.0444],[72.8318,19.0532],[72.817,19.0415],[72.8244,19.0558],[72.823,19.08],[72.828,19.0774],[72.8332,19.0848],[72.8259,19.0847],[72.8211,19.1183],[72.8287,19.1166],[72.8044,19.1407],[72.8061,19.1467],[72.8116,19.1448],[72.8068,19.1515],[72.8005,19.1396],[72.7955,19.1414],[72.797,19.1345],[72.7861,19.1335],[72.7897,19.1473],[72.7816,19.1679],[72.7958,19.1789],[72.7954,19.1953],[72.7817,19.1943],[72.7862,19.2045],[72.7757,19.225],[72.7837,19.2593],[72.7789,19.277],[72.7844,19.3024],[72.7937,19.3097],[72.8076,19.3022],[72.8546,19.3191],[72.8975,19.288],[72.9093,19.2876],[72.869,19.3359],[72.8436,19.3424],[72.8072,19.3237],[72.7732,19.3485],[72.7738,19.3569],[72.7577,19.374],[72.755,19.3859],[72.7615,19.3941],[72.7507,19.4386],[72.7404,19.4551],[72.7475,19.4905],[72.7215,19.5013],[72.7235,19.523],[72.7296,19.5254],[72.725,19.5258],[72.7255,19.5365],[72.7173,19.5354],[72.7125,19.5426],[72.7171,19.5414],[72.7201,19.5536],[72.7089,19.5729],[72.7149,19.5813],[72.7094,19.5981],[72.7254,19.6013],[72.7284,19.6116],[72.7102,19.6506],[72.7036,19.6507],[72.7103,19.6665],[72.7041,19.6677],[72.7002,19.6865],[72.704,19.6895],[72.7056,19.6836],[72.7088,19.6909],[72.7078,19.7078],[72.6973,19.7232],[72.684,19.7213],[72.681,19.7249],[72.6851,19.7972],[72.6717,19.8137],[72.6659,19.8137],[72.6676,19.8022],[72.6578,19.8094],[72.6586,19.8285],[72.6535,19.8269],[72.6486,19.8365],[72.6496,19.8639],[72.6578,19.8558],[72.6517,19.8594],[72.651,19.8544],[72.663,19.8476],[72.6584,19.8615],[72.6665,19.8648],[72.6624,19.8605],[72.6701,19.854],[72.6776,19.8648],[72.6718,19.877],[72.6783,19.8886],[72.6651,19.9005],[72.6691,19.915],[72.6607,19.9375],[72.6679,19.9467],[72.6836,19.9501],[72.6815,19.9621],[72.6892,19.9623],[72.6885,19.9727],[72.6969,19.9673],[72.7192,19.9836],[72.7194,20.0005],[72.7048,20.0324],[72.7151,20.0278],[72.7076,20.037],[72.7021,20.0347],[72.7084,20.0527],[72.6998,20.0776],[72.7133,20.0905],[72.726,20.0818],[72.7147,20.0933],[72.7263,20.1121],[72.7263,20.125],[72.7474,20.1304],[72.7396,20.1326],[72.7505,20.2037],[72.7424,20.2412],[72.7537,20.2604],[72.7566,20.2902],[72.7744,20.3018],[72.7772,20.3317],[72.7885,20.3468],[72.8141,20.3528],[72.8233,20.3659],[72.8041,20.3742],[72.8125,20.3844],[72.8277,20.3851],[72.8227,20.4125],[72.8294,20.4174],[72.8322,20.4449],[72.8482,20.4614],[72.844,20.4765],[72.8581,20.4656],[72.8726,20.4932],[72.8859,20.4977],[72.886,20.5424],[72.8981,20.5824],[72.8843,20.6403],[72.851,20.7101],[72.8529,20.7568],[72.8376,20.7653],[72.8202,20.7938],[72.8392,20.8005],[72.8392,20.8052],[72.8274,20.8129],[72.7802,20.9211],[72.7845,20.9252],[72.7921,20.9182],[72.82,20.9275],[72.8127,20.9371],[72.8204,20.9523],[72.774,20.9368],[72.7546,20.9387],[72.7437,20.9589],[72.7222,21.0377],[72.7262,21.061],[72.7361,21.0509],[72.7489,21.0572],[72.7414,21.0784],[72.7108,21.0794],[72.7025,21.0962],[72.6955,21.0952],[72.6956,21.0848],[72.6848,21.083],[72.6863,21.0939],[72.6699,21.1059],[72.6698,21.115],[72.6448,21.0861],[72.6354,21.0846],[72.6213,21.0944],[72.6183,21.1138],[72.6286,21.1441],[72.6381,21.2111],[72.6521,21.2147],[72.6574,21.2246],[72.6452,21.2252],[72.6223,21.2426],[72.6093,21.2689],[72.6105,21.2807],[72.6003,21.2899],[72.6012,21.3886],[72.6099,21.3947],[72.5847,21.3922],[72.474,21.4104],[72.4514,21.4307],[72.441,21.4498],[72.4284,21.5],[72.2591,21.5],[72.2414,21.4479],[72.1481,21.3351],[72.1196,21.2856],[72.1163,21.2364],[72.1086,21.2263],[72.117,21.2116],[72.114,21.1973],[72.065,21.1776],[72.046,21.1591],[72.0388,21.1618],[72.0193,21.1525],[72.0107,21.1448],[72.0105,21.1335],[71.9922,21.1486],[71.9946,21.1503],[71.9941,21.1531],[71.9978,21.1541],[72.0,21.1578],[71.9938,21.1613],[71.9978,21.1595],[71.9991,21.1608],[71.9969,21.171],[71.9983,21.1607],[71.994,21.162],[71.9933,21.1612],[71.9978,21.155],[71.9881,21.1512],[71.9897,21.1605],[71.9888,21.162],[71.986,21.1535],[71.9974,21.1393],[71.9882,21.1367],[71.9921,21.1322],[71.9746,21.1295],[71.9768,21.1205],[71.9581,21.118],[71.9557,21.1227],[71.9271,21.1095],[71.9021,21.1088],[71.879,21.0887],[71.8131,21.0675],[71.7961,21.0483],[71.786,21.0551],[71.793,21.0478],[71.8028,21.0486],[71.8065,21.0384],[71.7805,21.0392],[71.7841,21.0298],[71.753,21.0222],[71.75,21.0],[71.6863,21.0],[71.6896,20.994],[71.6749,20.9844],[71.6774,20.9956],[71.6488,20.9952],[71.6368,20.9807],[71.65,20.9784],[71.6477,20.9746],[71.6172,20.967],[71.6188,20.9771],[71.6075,20.9779],[71.6107,20.9662],[71.5969,20.9664],[71.5656,20.9489],[71.5501,20.9522],[71.5331,20.9433],[71.5275,20.9509],[71.5167,20.9481],[71.5031,20.9267],[71.5067,20.9188],[71.4886,20.9135],[71.4812,20.8984],[71.4514,20.897],[71.4343,20.8884],[71.4516,20.953],[71.4347,20.9689],[71.4302,20.9815],[71.3842,20.9754],[71.3806,20.9688],[71.357,20.9957],[71.344,20.9735],[71.3329,20.9699],[71.3312,20.9571],[71.3411,20.9466],[71.3362,20.9332],[71.3288,20.9316],[71.2976,20.9505],[71.2932,20.9608],[71.2811,20.9604],[71.2742,20.9918],[71.2636,20.9925],[71.2455,20.9731],[71.2387,20.9741],[71.2341,20.9633],[71.2181,20.956],[71.2054,20.927],[71.1844,20.9261],[71.1776,20.919],[71.1933,20.9021],[71.1765,20.8876],[71.1791,20.881],[71.1885,20.8734],[71.2048,20.8738],[71.2236,20.8178],[71.2036,20.7987],[71.2077,20.7924],[71.1577,20.7796],[71.1515,20.7742],[71.1472,20.7661],[71.1464,20.7634],[71.1458,20.7614],[71.1576,20.7617],[71.1492,20.7579],[71.0878,20.756],[71.0771,20.7464],[71.0806,20.7388],[71.072,20.7355],[71.0465,20.7309],[71.0131,20.7399],[71.0138,20.7357]]],[[[78.4874,9.0873],[78.4933,9.0867],[78.4928,9.0922],[78.4965,9.0903],[78.494,9.0857],[78.4874,9.0873]]],[[[79.4884,9.1264],[79.4875,9.1278],[79.4887,9.128],[79.4884,9.1264]]],[[[79.4812,9.1286],[79.481,9.13],[79.4796,9.1297],[79.4812,9.1286]]],[[[79.4822,9.1318],[79.4814,9.1331],[79.4834,9.1341],[79.4822,9.1318]]],[[[79.4736,9.135],[79.4697,9.1394],[79.4735,9.1384],[79.4736,9.135]]],[[[79.4674,9.1432],[79.465,9.1429],[79.4652,9.1434],[79.4674,9.1432]]],[[[79.4537,9.1455],[79.4542,9.1437],[79.4539,9.1436],[79.4537,9.1455]]],[[[79.455,9.1468],[79.4559,9.1475],[79.4563,9.1467],[79.455,9.1468]]],[[[79.4544,9.1474],[79.45,9.1479],[79.4522,9.1498],[79.4544,9.1474]]],[[[79.4457,9.1535],[79.4443,9.1516],[79.4452,9.1537],[79.4457,9.1535]]],[[[79.4475,9.1528],[79.4435,9.1565],[79.4444,9.158],[79.4475,9.1528]]],[[[78.8226,9.1664],[78.8166,9.16],[78.8194,9.1656],[78.8218,9.1666],[78.8226,9.1664]]],[[[79.0676,9.2106],[79.089,9.1975],[79.0854,9.1919],[79.0645,9.2005],[79.0548,9.198],[79.0676,9.2106]]],[[[79.1406,9.2153],[79.137,9.2117],[79.1361,9.2146],[79.1406,9.2153]]],[[[79.1192,9.2157],[79.133,9.2176],[79.1343,9.2157],[79.1192,9.2157]]],[[[79.1803,9.2399],[79.1957,9.2337],[79.1992,9.2402],[79.1995,9.2347],[79.1959,9.2329],[79.1803,9.2399]]],[[[79.2304,9.2441],[79.2308,9.2437],[79.2366,9.2414],[79.2303,9.2393],[79.2304,9.2441]]],[[[79.1821,9.2479],[79.1785,9.2456],[79.1792,9.2409],[79.1782,9.2467],[79.1821,9.2479]]],[[[79.2101,9.2472],[79.2079,9.2483],[79.2111,9.249],[79.2101,9.2472]]],[[[79.2139,9.2495],[79.212,9.2478],[79.2137,9.2502],[79.2139,9.2495]]],[[[73.6339,10.0734],[73.6331,10.0725],[73.6328,10.0733],[73.6339,10.0734]]],[[[73.6467,10.0604],[73.6395,10.059],[73.6342,10.0724],[73.6433,10.0774],[73.6504,10.1031],[73.6467,10.0604]]],[[[73.6513,10.1106],[73.6517,10.1097],[73.6513,10.1098],[73.6513,10.1106]]],[[[73.6583,10.1565],[73.6634,10.1408],[73.6606,10.131],[73.6592,10.1303],[73.6583,10.1565]]],[[[73.6606,10.818],[73.6986,10.8175],[73.7009,10.8154],[73.6765,10.8053],[73.6604,10.8087],[73.6606,10.818]]],[[[79.4887,9.1194],[79.4969,9.1239],[79.4888,9.1189],[79.4887,9.1194]]],[[[86.7841,20.3614],[86.7811,20.3613],[86.7848,20.3638],[86.7841,20.3614]]],[[[86.8064,20.3937],[86.8077,20.3733],[86.7992,20.3643],[86.796,20.3949],[86.7992,20.3862],[86.8031,20.39],[86.7967,20.3999],[86.8064,20.3937]]],[[[86.7906,20.3821],[86.793,20.3828],[86.792,20.3813],[86.7906,20.3821]]],[[[86.7935,20.493],[86.8076,20.4444],[86.7921,20.4069],[86.7944,20.3886],[86.7878,20.3833],[86.7904,20.4323],[86.8003,20.4429],[86.7935,20.493]]],[[[88.0169,21.5629],[88.0184,21.5511],[88.0132,21.547],[88.0102,21.559],[88.0169,21.5629]]],[[[88.3053,21.5881],[88.3274,21.5691],[88.3054,21.5502],[88.3013,21.5497],[88.3079,21.5576],[88.2852,21.5425],[88.256,21.5462],[88.2603,21.558],[88.2765,21.5697],[88.2766,21.5788],[88.2879,21.5755],[88.2868,21.5934],[88.3053,21.5881]]],[[[88.1805,21.5785],[88.1859,21.5541],[88.1964,21.5404],[88.185,21.5397],[88.1724,21.5489],[88.1604,21.5878],[88.1608,21.5966],[88.1644,21.5824],[88.1805,21.5785]]],[[[88.4508,21.6462],[88.4628,21.6496],[88.4577,21.6314],[88.4484,21.6255],[88.457,21.6266],[88.4429,21.5946],[88.4297,21.5951],[88.424,21.6015],[88.4319,21.6022],[88.4264,21.6046],[88.4234,21.603],[88.4227,21.5968],[88.4194,21.6069],[88.4347,21.6145],[88.4387,21.6239],[88.4363,21.6381],[88.4283,21.6454],[88.4323,21.6484],[88.4264,21.6482],[88.4322,21.6523],[88.4204,21.6527],[88.417,21.6852],[88.4307,21.6707],[88.4318,21.6561],[88.448,21.6458],[88.4508,21.6462]]],[[[88.3507,21.6632],[88.3481,21.6248],[88.3248,21.6056],[88.3259,21.5985],[88.3138,21.6002],[88.3046,21.619],[88.3171,21.6792],[88.3226,21.6843],[88.3507,21.6632]]],[[[88.4676,21.667],[88.4672,21.6828],[88.4372,21.6942],[88.4468,21.6901],[88.4458,21.6846],[88.4659,21.6814],[88.4631,21.651],[88.4459,21.6473],[88.4318,21.6575],[88.438,21.6731],[88.4321,21.6706],[88.4176,21.6905],[88.4417,21.7091],[88.4553,21.7101],[88.4759,21.6806],[88.4676,21.667]]],[[[88.2957,21.7093],[88.2998,21.7083],[88.2998,21.7032],[88.2957,21.7093]]],[[[88.1375,21.8788],[88.1681,21.829],[88.1718,21.7943],[88.1779,21.7978],[88.1832,21.787],[88.1776,21.7765],[88.1715,21.7889],[88.1754,21.7381],[88.1419,21.6824],[88.1464,21.6122],[88.1204,21.6118],[88.0897,21.6289],[88.0792,21.6263],[88.0495,21.6387],[88.0368,21.6495],[88.0314,21.6656],[88.0492,21.6877],[88.0548,21.708],[88.0499,21.7262],[88.0655,21.7473],[88.1091,21.8507],[88.1375,21.8788]]],[[[88.1977,21.7347],[88.1989,21.7563],[88.2016,21.7578],[88.2017,21.7358],[88.1977,21.7347]]],[[[88.2737,21.7908],[88.2883,21.7852],[88.2911,21.7766],[88.2778,21.7856],[88.2737,21.7908]]],[[[88.18,21.8327],[88.1647,21.8674],[88.1929,21.8324],[88.18,21.8327]]],[[[88.0924,21.9206],[88.1229,21.8853],[88.1286,21.8919],[88.1315,21.8847],[88.1162,21.8794],[88.1057,21.8661],[88.0954,21.8856],[88.0994,21.8876],[88.107,21.8971],[88.0953,21.8873],[88.0839,21.9138],[88.0924,21.9206]]],[[[88.4831,21.9039],[88.4883,21.9073],[88.4959,21.9069],[88.4857,21.8976],[88.4831,21.9039]]],[[[88.1484,21.9197],[88.1295,21.8945],[88.0891,21.9263],[88.1242,21.948],[88.1484,21.9197]]],[[[88.137,22.0172],[88.1209,21.9762],[88.1054,21.9709],[88.0916,21.974],[88.0963,21.9949],[88.1166,22.0156],[88.137,22.0172]]],[[[88.5291,21.5804],[88.5292,21.5503],[88.5406,21.5332],[88.5206,21.5251],[88.5154,21.5319],[88.4961,21.5346],[88.4968,21.5435],[88.4826,21.5458],[88.4837,21.5805],[88.4921,21.5963],[88.5291,21.5804]]],[[[88.8796,21.5331],[88.8594,21.5331],[88.8277,21.5485],[88.8222,21.5703],[88.8281,21.6055],[88.8649,21.5947],[88.8894,21.578],[88.902,21.548],[88.8796,21.5331]]],[[[88.5553,21.5589],[88.5427,21.5647],[88.537,21.5865],[88.5075,21.5985],[88.5178,21.6236],[88.5191,21.6505],[88.5339,21.6359],[88.5649,21.6206],[88.5817,21.602],[88.5768,21.5795],[88.5553,21.5589]]],[[[88.7852,21.6032],[88.7836,21.5967],[88.7956,21.5925],[88.7912,21.5803],[88.773,21.5756],[88.7544,21.558],[88.7444,21.5808],[88.7431,21.5644],[88.7334,21.5604],[88.7223,21.562],[88.7041,21.5785],[88.7145,21.6356],[88.7242,21.6335],[88.7618,21.6524],[88.7715,21.6442],[88.7685,21.6237],[88.7852,21.6032]]],[[[88.5782,21.6657],[88.6028,21.6218],[88.6002,21.6105],[88.5519,21.6381],[88.5688,21.6673],[88.5683,21.6858],[88.5782,21.6657]]],[[[88.6229,21.6556],[88.6267,21.6705],[88.6358,21.6742],[88.6301,21.647],[88.6229,21.6556]]],[[[88.7018,21.6787],[88.7412,21.6455],[88.7159,21.6371],[88.7148,21.6537],[88.7079,21.6499],[88.6803,21.6775],[88.6865,21.7139],[88.7018,21.6787]]],[[[88.842,21.6675],[88.8554,21.6434],[88.8386,21.6264],[88.8402,21.6171],[88.8024,21.6292],[88.8165,21.6615],[88.8144,21.6993],[88.8015,21.7142],[88.7598,21.6983],[88.7797,21.7153],[88.779,21.7292],[88.7888,21.7339],[88.7859,21.7452],[88.8072,21.748],[88.8311,21.7624],[88.8598,21.7583],[88.8347,21.7119],[88.842,21.6675]]],[[[88.5539,21.7585],[88.5644,21.7533],[88.5681,21.7403],[88.565,21.7329],[88.5552,21.7314],[88.5669,21.7281],[88.569,21.7184],[88.5814,21.7104],[88.582,21.7],[88.6044,21.6755],[88.5842,21.6559],[88.5753,21.6805],[88.5793,21.6891],[88.5637,21.6949],[88.56,21.6629],[88.5426,21.6373],[88.524,21.6548],[88.523,21.6889],[88.5099,21.7308],[88.5133,21.7377],[88.5064,21.7393],[88.503,21.7544],[88.5145,21.762],[88.5044,21.7668],[88.5095,21.7796],[88.5422,21.8067],[88.5556,21.8026],[88.5675,21.7895],[88.5539,21.7585]]],[[[88.6211,21.7689],[88.6231,21.7291],[88.6085,21.7045],[88.6029,21.7042],[88.5937,21.7156],[88.6155,21.7264],[88.6192,21.736],[88.5862,21.7528],[88.5844,21.7735],[88.5881,21.7802],[88.6042,21.7827],[88.6142,21.7804],[88.6211,21.7689]]],[[[88.5786,21.7235],[88.5794,21.7464],[88.5661,21.765],[88.5778,21.7724],[88.582,21.7516],[88.6147,21.7332],[88.59,21.7193],[88.5786,21.7235]]],[[[88.7425,21.8946],[88.7545,21.8774],[88.7722,21.8672],[88.7864,21.877],[88.7844,21.8627],[88.801,21.8779],[88.8257,21.8602],[88.8078,21.8074],[88.7914,21.7906],[88.7861,21.7933],[88.7903,21.7832],[88.7781,21.7616],[88.7821,21.7344],[88.7719,21.7303],[88.7508,21.7342],[88.7613,21.7605],[88.7473,21.7673],[88.7671,21.8008],[88.7421,21.7678],[88.7537,21.7572],[88.746,21.7306],[88.7717,21.7195],[88.7549,21.7086],[88.7555,21.6921],[88.7707,21.6915],[88.7954,21.7034],[88.8045,21.6989],[88.8031,21.6655],[88.794,21.6534],[88.767,21.6628],[88.7414,21.6557],[88.7074,21.6831],[88.6891,21.7401],[88.6893,21.7512],[88.706,21.7799],[88.7072,21.8033],[88.7167,21.8009],[88.7044,21.8074],[88.6958,21.8227],[88.6956,21.8564],[88.7138,21.8993],[88.7262,21.8959],[88.7425,21.8946]]],[[[88.7832,21.766],[88.794,21.7899],[88.8177,21.8183],[88.8255,21.804],[88.8178,21.7741],[88.8251,21.7643],[88.7951,21.7484],[88.7863,21.7517],[88.7832,21.766]]],[[[88.5736,21.8103],[88.5789,21.8378],[88.5867,21.8475],[88.6136,21.8234],[88.6018,21.8138],[88.6114,21.8011],[88.6084,21.7962],[88.5879,21.7955],[88.5736,21.8103]]],[[[88.6299,21.8675],[88.6495,21.8627],[88.641,21.7884],[88.6326,21.7872],[88.616,21.7959],[88.6081,21.8126],[88.6172,21.8259],[88.6061,21.8329],[88.593,21.856],[88.6155,21.8941],[88.6299,21.8675]]],[[[88.5732,21.8809],[88.5748,21.8568],[88.5561,21.8294],[88.5521,21.8345],[88.5587,21.8539],[88.553,21.876],[88.5732,21.8809]]],[[[88.8352,21.8788],[88.8265,21.862],[88.8025,21.8787],[88.8136,21.8973],[88.826,21.893],[88.8352,21.8788]]],[[[88.6654,21.9107],[88.6475,21.8699],[88.632,21.8699],[88.6205,21.8995],[88.6331,21.9164],[88.6654,21.9107]]],[[[88.7391,21.917],[88.7519,21.9238],[88.7825,21.9155],[88.7954,21.9165],[88.8088,21.9],[88.8053,21.8856],[88.7896,21.8714],[88.7877,21.8774],[88.7838,21.8779],[88.772,21.8689],[88.7557,21.878],[88.7439,21.8955],[88.7162,21.903],[88.7184,21.9257],[88.7391,21.917]]],[[[88.7527,21.9681],[88.7498,21.9527],[88.7723,21.9387],[88.7834,21.9478],[88.786,21.9387],[88.8008,21.9358],[88.8026,21.9287],[88.7849,21.9174],[88.7697,21.9261],[88.7287,21.9242],[88.7208,21.9376],[88.7257,21.9744],[88.7473,21.9753],[88.7527,21.9681]]],[[[88.7808,21.968],[88.8044,21.965],[88.8376,21.9733],[88.8363,21.94],[88.8435,21.9333],[88.8604,21.9304],[88.8635,21.9202],[88.8482,21.9175],[88.8201,21.9376],[88.7896,21.9392],[88.7853,21.952],[88.7692,21.9425],[88.7548,21.9536],[88.7566,21.9705],[88.751,21.9801],[88.7726,21.9843],[88.7795,21.9801],[88.7808,21.968]]],[[[92.514,10.8979],[92.5595,10.862],[92.5567,10.8453],[92.5634,10.8289],[92.5594,10.8153],[92.5865,10.788],[92.5826,10.7445],[92.598,10.704],[92.5964,10.6795],[92.58,10.6825],[92.576,10.6688],[92.5822,10.6581],[92.5523,10.6402],[92.5404,10.6162],[92.5416,10.5945],[92.5653,10.5872],[92.5686,10.5782],[92.5431,10.5511],[92.5312,10.5202],[92.5132,10.5138],[92.482,10.5194],[92.4536,10.5438],[92.4334,10.5506],[92.4194,10.5498],[92.4046,10.5335],[92.3871,10.5334],[92.3831,10.5424],[92.4099,10.5831],[92.4133,10.6081],[92.4207,10.6155],[92.3971,10.6678],[92.3834,10.671],[92.3784,10.7824],[92.3851,10.7918],[92.3973,10.7792],[92.4106,10.7867],[92.4228,10.8018],[92.4275,10.8237],[92.4369,10.8242],[92.4491,10.8391],[92.4638,10.8382],[92.4587,10.8395],[92.4581,10.8623],[92.4664,10.857],[92.465,10.8646],[92.4811,10.8723],[92.4927,10.8899],[92.5058,10.8899],[92.514,10.8979]]],[[[92.6128,10.9274],[92.6077,10.9383],[92.6192,10.9298],[92.6128,10.9274]]],[[[92.2251,10.9832],[92.2165,10.9747],[92.2109,10.9795],[92.2182,10.9854],[92.2251,10.9832]]],[[[92.6578,10.9866],[92.6611,10.9921],[92.6683,10.9884],[92.6627,10.982],[92.6578,10.9866]]],[[[92.679,11.1802],[92.6747,11.1781],[92.6739,11.1898],[92.6748,11.1849],[92.679,11.1802]]],[[[92.562,11.3946],[92.557,11.3968],[92.5619,11.3971],[92.562,11.3946]]],[[[92.5467,11.3934],[92.5484,11.3974],[92.5502,11.3958],[92.5467,11.3934]]],[[[92.6433,11.5109],[92.6426,11.4971],[92.6618,11.4864],[92.6679,11.4891],[92.6846,11.4361],[92.6829,11.4268],[92.6713,11.4268],[92.6729,11.4178],[92.6458,11.4065],[92.6618,11.402],[92.6625,11.3948],[92.6731,11.3996],[92.6764,11.3926],[92.6874,11.3907],[92.6904,11.375],[92.6846,11.3664],[92.6664,11.3614],[92.6639,11.3537],[92.6507,11.3576],[92.6372,11.3468],[92.6191,11.3508],[92.5984,11.3466],[92.5804,11.3687],[92.5916,11.379],[92.5864,11.4007],[92.6223,11.4052],[92.6217,11.4319],[92.6278,11.4346],[92.6102,11.4578],[92.613,11.4748],[92.6313,11.514],[92.6433,11.5109]]],[[[92.6098,11.5045],[92.612,11.5099],[92.6145,11.5105],[92.6098,11.5045]]],[[[92.6431,11.5142],[92.6446,11.5143],[92.6432,11.5132],[92.6431,11.5142]]],[[[92.558,11.541],[92.5657,11.5177],[92.5606,11.5169],[92.5517,11.5311],[92.5517,11.5383],[92.5564,11.5331],[92.558,11.541]]],[[[92.6014,11.5376],[92.6049,11.5329],[92.6048,11.5217],[92.6014,11.5376]]],[[[92.6263,11.544],[92.6278,11.548],[92.6268,11.5425],[92.6263,11.544]]],[[[92.6154,11.5555],[92.6173,11.5598],[92.6174,11.5423],[92.6093,11.5314],[92.6037,11.55],[92.6116,11.5401],[92.6111,11.5607],[92.6154,11.5555]]],[[[92.5915,11.5776],[92.5967,11.5491],[92.5945,11.5331],[92.5872,11.5338],[92.5832,11.5487],[92.593,11.5502],[92.5863,11.554],[92.5915,11.5776]]],[[[92.2154,11.592],[92.2269,11.5878],[92.2543,11.5915],[92.2681,11.5856],[92.2658,11.5609],[92.2723,11.5365],[92.2681,11.523],[92.259,11.5178],[92.2494,11.5258],[92.2116,11.53],[92.2045,11.55],[92.2119,11.5739],[92.204,11.587],[92.2125,11.5954],[92.2195,11.595],[92.2154,11.592]]],[[[92.5759,11.5685],[92.5717,11.5627],[92.5758,11.5707],[92.5759,11.5685]]],[[[92.5649,11.5677],[92.5654,11.5706],[92.5667,11.5703],[92.5649,11.5677]]],[[[92.6165,11.5798],[92.6138,11.5629],[92.6045,11.5743],[92.5997,11.5675],[92.6009,11.5858],[92.6104,11.5885],[92.6165,11.5798]]],[[[92.5465,11.6006],[92.5436,11.5906],[92.5492,11.5878],[92.5682,11.5896],[92.5595,11.5844],[92.5644,11.5735],[92.5542,11.5714],[92.5528,11.562],[92.5381,11.5632],[92.529,11.555],[92.5347,11.5657],[92.5334,11.6026],[92.5363,11.6065],[92.5465,11.6006]]],[[[92.5766,11.5824],[92.5778,11.585],[92.5784,11.5832],[92.5766,11.5824]]],[[[92.5926,11.5893],[92.5927,11.5904],[92.5936,11.5893],[92.5926,11.5893]]],[[[92.6958,12.2391],[92.7093,12.2109],[92.7036,12.1926],[92.7065,12.1963],[92.7117,12.1897],[92.7035,12.191],[92.7009,12.187],[92.7089,12.1887],[92.6971,12.1618],[92.7002,12.1545],[92.7115,12.1723],[92.7036,12.1377],[92.7193,12.1797],[92.7564,12.177],[92.7518,12.1479],[92.7337,12.1032],[92.7341,12.0834],[92.7393,12.0736],[92.7565,12.0651],[92.7471,12.0552],[92.7602,12.0549],[92.7663,12.0462],[92.7823,12.0482],[92.7776,12.0242],[92.7664,12.0258],[92.7605,12.0195],[92.7517,12.0342],[92.7476,12.0257],[92.7444,12.0381],[92.7392,12.0355],[92.7377,12.0429],[92.7361,12.0436],[92.7364,12.0344],[92.7342,12.0367],[92.7307,12.0355],[92.7305,12.0376],[92.726,12.039],[92.7273,12.0393],[92.7279,12.0405],[92.7269,12.0447],[92.7252,12.0369],[92.7371,12.03],[92.7357,12.0257],[92.7232,12.0268],[92.7221,12.026],[92.7364,12.0203],[92.7358,12.0179],[92.7309,12.0171],[92.7302,12.0147],[92.7491,12.0191],[92.7515,12.0025],[92.7666,12.0114],[92.7685,11.9973],[92.7421,11.9953],[92.7415,11.9883],[92.7541,11.9882],[92.7536,11.9825],[92.7346,11.977],[92.7384,11.9973],[92.7213,12.0057],[92.7258,11.9975],[92.7133,11.9938],[92.7192,11.9881],[92.7109,11.9827],[92.7203,11.9841],[92.7187,11.9754],[92.7236,11.9701],[92.7288,11.9756],[92.731,11.9693],[92.7218,11.965],[92.7074,11.974],[92.7163,11.9544],[92.7038,11.9619],[92.7151,11.9425],[92.6979,11.931],[92.7088,11.9287],[92.713,11.9028],[92.7043,11.9033],[92.7032,11.9165],[92.6924,11.901],[92.7066,11.8889],[92.7047,11.8826],[92.7167,11.8851],[92.7198,11.8776],[92.703,11.8761],[92.7053,11.8698],[92.698,11.8656],[92.7034,11.862],[92.7023,11.8502],[92.7169,11.8687],[92.7232,11.8593],[92.7196,11.8449],[92.7089,11.8361],[92.7114,11.8205],[92.7204,11.8267],[92.731,11.8534],[92.7294,11.8685],[92.7418,11.8815],[92.7355,11.8883],[92.7301,11.8811],[92.7298,11.8968],[92.7337,11.8915],[92.7424,11.8958],[92.7326,11.9037],[92.7371,11.9182],[92.7433,11.9186],[92.7428,11.9096],[92.7498,11.9214],[92.7425,11.9256],[92.7454,11.9321],[92.7513,11.9249],[92.758,11.9342],[92.765,11.9221],[92.7581,11.9364],[92.7832,11.936],[92.7773,11.9325],[92.786,11.9254],[92.7819,11.9046],[92.7869,11.9015],[92.7763,11.8976],[92.7912,11.8858],[92.7687,11.7995],[92.7543,11.7012],[92.7446,11.714],[92.7434,11.6907],[92.7215,11.6973],[92.7166,11.7054],[92.7113,11.695],[92.7059,11.7008],[92.6984,11.6806],[92.7062,11.6696],[92.6921,11.6691],[92.6825,11.6505],[92.6779,11.6524],[92.6802,11.6617],[92.6645,11.6615],[92.6613,11.6536],[92.6734,11.6242],[92.6809,11.6271],[92.6878,11.6209],[92.6679,11.6108],[92.6731,11.6066],[92.6816,11.6169],[92.6916,11.6122],[92.7021,11.6166],[92.6938,11.6241],[92.6929,11.6386],[92.7013,11.6393],[92.6939,11.6527],[92.7005,11.6543],[92.7058,11.6419],[92.7118,11.6434],[92.7097,11.6521],[92.7291,11.6568],[92.7155,11.665],[92.7183,11.6819],[92.7309,11.6805],[92.7319,11.673],[92.7466,11.6764],[92.7466,11.6686],[92.7555,11.6645],[92.7551,11.6484],[92.7454,11.6428],[92.7513,11.6091],[92.7394,11.5932],[92.7421,11.5844],[92.7225,11.5322],[92.7256,11.5165],[92.7102,11.478],[92.6995,11.5098],[92.694,11.5059],[92.6742,11.5118],[92.6729,11.5051],[92.6657,11.5046],[92.6605,11.5146],[92.6462,11.5217],[92.6438,11.5404],[92.6538,11.5503],[92.6507,11.5587],[92.6431,11.5574],[92.649,11.5722],[92.6341,11.5798],[92.6331,11.5899],[92.6166,11.5625],[92.6191,11.5835],[92.6067,11.5942],[92.6081,11.6207],[92.6183,11.6208],[92.6209,11.611],[92.6302,11.6163],[92.6388,11.6122],[92.6476,11.6454],[92.635,11.6399],[92.6319,11.6613],[92.6307,11.6293],[92.619,11.633],[92.6211,11.638],[92.6075,11.6341],[92.5985,11.6511],[92.6009,11.6598],[92.598,11.6568],[92.5907,11.6691],[92.5987,11.6899],[92.592,11.7026],[92.5924,11.7353],[92.5856,11.7304],[92.5744,11.7339],[92.569,11.725],[92.5716,11.6993],[92.5605,11.6946],[92.5513,11.7199],[92.5508,11.757],[92.5557,11.7596],[92.5514,11.763],[92.5625,11.7718],[92.5553,11.7735],[92.5514,11.7843],[92.5513,11.807],[92.5587,11.8124],[92.5539,11.8151],[92.5523,11.8101],[92.5465,11.8201],[92.5523,11.8493],[92.549,11.8575],[92.5434,11.8506],[92.5363,11.8603],[92.5367,11.8505],[92.5441,11.849],[92.543,11.8357],[92.5398,11.8416],[92.5329,11.8361],[92.5315,11.841],[92.5235,11.8267],[92.5182,11.8347],[92.5224,11.8387],[92.5225,11.8446],[92.5197,11.8398],[92.5145,11.8483],[92.5172,11.8563],[92.5192,11.8514],[92.5236,11.8552],[92.5193,11.86],[92.524,11.8709],[92.5297,11.8654],[92.5337,11.87],[92.5307,11.8864],[92.5294,11.8755],[92.5252,11.8746],[92.5276,11.8957],[92.5416,11.9029],[92.5352,11.9117],[92.5426,11.9233],[92.5498,11.9262],[92.5536,11.9242],[92.5459,11.9218],[92.5561,11.9173],[92.5616,11.9468],[92.561,11.9363],[92.5653,11.94],[92.5717,11.9276],[92.578,11.9271],[92.5782,11.9199],[92.5717,11.9177],[92.5713,11.9264],[92.5668,11.9166],[92.57,11.9084],[92.58,11.9146],[92.5756,11.9106],[92.5802,11.9012],[92.5744,11.8937],[92.5705,11.8978],[92.5704,11.8906],[92.5814,11.8953],[92.5839,11.8599],[92.5874,11.8665],[92.5951,11.8647],[92.5898,11.8773],[92.5946,11.8806],[92.5926,11.8947],[92.5969,11.8917],[92.5985,11.8963],[92.5996,11.8966],[92.5949,11.8838],[92.5987,11.8867],[92.6008,11.8487],[92.6059,11.8346],[92.6103,11.8433],[92.614,11.8309],[92.6155,11.8625],[92.6084,11.8962],[92.6106,11.9147],[92.6119,11.9047],[92.6147,11.9201],[92.6187,11.9149],[92.6218,11.9213],[92.6209,11.9342],[92.6155,11.9244],[92.6175,11.9466],[92.6071,11.9242],[92.6133,11.9514],[92.6125,12.0001],[92.6171,12.024],[92.624,12.0281],[92.6203,12.0397],[92.628,12.043],[92.6186,12.0683],[92.6219,12.1014],[92.6344,12.1203],[92.6304,12.1228],[92.635,12.1464],[92.664,12.2219],[92.6547,12.1802],[92.6738,12.2178],[92.6749,12.187],[92.6781,12.1953],[92.6811,12.1918],[92.6781,12.212],[92.6828,12.2059],[92.6876,12.235],[92.6958,12.2391]]],[[[92.5993,11.9183],[92.5953,11.9062],[92.5946,11.9151],[92.5993,11.9183]]],[[[92.6032,11.932],[92.6047,11.9353],[92.6032,11.929],[92.6032,11.932]]],[[[92.5976,11.9723],[92.608,11.9433],[92.5978,11.9281],[92.5952,11.9626],[92.5876,11.9766],[92.5976,11.9723]]],[[[92.5825,11.9821],[92.5801,11.9779],[92.5817,11.9824],[92.5825,11.9821]]],[[[92.6539,12.7716],[92.6555,12.774],[92.6542,12.7703],[92.6539,12.7716]]],[[[92.6709,12.9482],[92.6701,12.9477],[92.6699,12.9478],[92.6709,12.9482]]],[[[92.6754,12.9493],[92.6727,12.9484],[92.672,12.9488],[92.6754,12.9493]]],[[[92.6695,12.9499],[92.6718,12.9483],[92.6693,12.9487],[92.6695,12.9499]]],[[[92.6663,12.9511],[92.6683,12.9494],[92.6662,12.9502],[92.6663,12.9511]]],[[[92.6703,12.9523],[92.6708,12.95],[92.6688,12.9504],[92.6703,12.9523]]],[[[92.6676,12.9521],[92.6676,12.9514],[92.6669,12.9519],[92.6676,12.9521]]],[[[92.6695,12.9522],[92.6694,12.9532],[92.6698,12.9528],[92.6695,12.9522]]],[[[92.6692,12.9537],[92.6666,12.9535],[92.6686,12.956],[92.6692,12.9537]]],[[[89.137,21.5883],[89.1306,21.5837],[89.1231,21.5857],[89.1277,21.5923],[89.137,21.5883]]],[[[88.9905,21.6227],[88.9833,21.6145],[88.9695,21.6159],[88.9375,21.6367],[88.9346,21.6458],[88.9464,21.6747],[88.963,21.6479],[88.9841,21.6424],[88.9905,21.6227]]],[[[88.9541,21.7538],[88.964,21.7414],[88.9777,21.7417],[88.966,21.7229],[88.9875,21.6906],[88.9847,21.6591],[88.9984,21.651],[89.0111,21.6552],[89.0202,21.6358],[89.0324,21.6269],[89.0313,21.6115],[89.0228,21.6047],[88.9968,21.6036],[88.9902,21.6392],[88.9774,21.6482],[88.9637,21.6494],[88.9488,21.6781],[88.9469,21.7009],[88.9174,21.7171],[88.9261,21.7426],[88.9181,21.7596],[88.9541,21.7538]]],[[[88.9191,21.6305],[88.8808,21.655],[88.8649,21.6941],[88.8771,21.7424],[88.9041,21.7258],[88.935,21.6905],[88.9191,21.6305]]],[[[89.0047,21.7028],[89.0156,21.6937],[89.0148,21.6753],[89.0096,21.6612],[88.9956,21.6572],[88.9913,21.6585],[88.9917,21.7004],[88.9747,21.7232],[89.005,21.7143],[89.0047,21.7028]]],[[[89.0173,21.7727],[89.0247,21.7564],[89.0588,21.7251],[89.072,21.7023],[89.0668,21.6903],[89.0747,21.6875],[89.0929,21.6613],[89.0906,21.6386],[89.0595,21.6152],[89.0266,21.6391],[89.0251,21.6525],[89.0323,21.6589],[89.0169,21.6608],[89.0214,21.688],[89.0124,21.714],[88.977,21.7288],[88.9809,21.7467],[88.9676,21.7467],[88.9561,21.7595],[88.9607,21.7699],[88.9793,21.7797],[89.0029,21.7775],[88.993,21.7895],[89.0012,21.8114],[89.0138,21.8096],[89.0173,21.7727]]],[[[88.8594,21.8514],[88.8718,21.8488],[88.8751,21.8002],[88.8903,21.7796],[88.8877,21.7503],[88.9156,21.743],[88.9068,21.7275],[88.876,21.7454],[88.8722,21.7645],[88.8589,21.7768],[88.8313,21.7807],[88.8372,21.7969],[88.8348,21.8453],[88.8501,21.8615],[88.8594,21.8514]]],[[[88.9979,21.8173],[88.9671,21.7768],[88.9395,21.7843],[88.9466,21.8013],[88.9666,21.7994],[88.9718,21.8049],[88.9711,21.8239],[88.9539,21.8264],[88.9466,21.8361],[88.9573,21.8572],[88.9737,21.8649],[88.9654,21.8854],[88.9688,21.8912],[88.9973,21.888],[89.0315,21.8625],[89.0236,21.8184],[89.0163,21.8137],[88.9979,21.8173]]],[[[88.967,21.8991],[88.9632,21.8835],[88.9696,21.8654],[88.9488,21.8524],[88.942,21.8352],[88.9471,21.8257],[88.9665,21.8203],[88.9683,21.814],[88.9623,21.8039],[88.9439,21.807],[88.9318,21.7886],[88.9541,21.7721],[88.9464,21.7665],[88.9163,21.7655],[88.9037,21.7516],[88.8958,21.7515],[88.896,21.7861],[88.8858,21.7898],[88.8801,21.8005],[88.8856,21.8102],[88.8784,21.8184],[88.8738,21.8501],[88.855,21.8564],[88.8417,21.8965],[88.8203,21.9137],[88.8171,21.9249],[88.8503,21.9087],[88.8707,21.915],[88.8829,21.9096],[88.9103,21.9251],[88.967,21.8991]]],[[[92.7729,9.2585],[92.8162,9.2129],[92.8233,9.1905],[92.829,9.1677],[92.8264,9.1399],[92.7935,9.1217],[92.7803,9.1214],[92.767,9.13],[92.7282,9.1265],[92.716,9.1554],[92.7204,9.2183],[92.7636,9.2161],[92.776,9.2442],[92.7729,9.2585]]],[[[92.7217,11.1434],[92.7247,11.1424],[92.7221,11.141],[92.7217,11.1434]]],[[[92.7331,11.1453],[92.7256,11.1452],[92.7309,11.1491],[92.7331,11.1453]]],[[[92.6871,11.2427],[92.6969,11.2622],[92.6925,11.2816],[92.7046,11.2897],[92.7049,11.2639],[92.6871,11.2427]]],[[[92.7194,11.3147],[92.7077,11.2995],[92.6955,11.3098],[92.7112,11.3136],[92.7212,11.3335],[92.7194,11.3147]]],[[[92.6968,11.664],[92.6996,11.6591],[92.6921,11.6607],[92.6968,11.664]]],[[[92.7611,11.6692],[92.7598,11.6768],[92.7657,11.6803],[92.7637,11.6727],[92.7611,11.6692]]],[[[92.7224,11.6878],[92.7254,11.6861],[92.7224,11.6864],[92.7224,11.6878]]],[[[92.7216,11.9303],[92.7237,11.9098],[92.7177,11.9025],[92.7159,11.933],[92.7216,11.9303]]],[[[92.732,11.96],[92.7244,11.9417],[92.7238,11.9506],[92.732,11.96]]],[[[92.7225,11.9543],[92.7244,11.9533],[92.7218,11.9513],[92.7225,11.9543]]],[[[92.7644,11.9651],[92.7655,11.9547],[92.759,11.9491],[92.7445,11.9454],[92.7353,11.952],[92.7518,11.9666],[92.7644,11.9651]]],[[[92.742,11.9675],[92.7433,11.9659],[92.7403,11.9653],[92.742,11.9675]]],[[[92.7231,11.9918],[92.7241,11.9832],[92.7218,11.9828],[92.7231,11.9918]]],[[[92.7252,11.9961],[92.7254,11.9954],[92.7248,11.9955],[92.7252,11.9961]]],[[[92.774,12.0177],[92.7709,12.0132],[92.7702,12.0169],[92.774,12.0177]]],[[[92.7386,12.1109],[92.7406,12.1115],[92.7387,12.1104],[92.7386,12.1109]]],[[[92.7529,12.1437],[92.7576,12.1465],[92.7535,12.141],[92.7529,12.1437]]],[[[92.7623,12.1766],[92.7584,12.1668],[92.7584,12.1646],[92.7577,12.1655],[92.7586,12.1768],[92.7546,12.1809],[92.7623,12.1766]]],[[[92.7282,12.1839],[92.7286,12.1891],[92.7302,12.1886],[92.7282,12.1839]]],[[[92.802,12.3116],[92.8326,12.3008],[92.8345,12.2977],[92.8325,12.2967],[92.8333,12.2951],[92.8323,12.2958],[92.8309,12.2939],[92.8309,12.2932],[92.832,12.2928],[92.832,12.292],[92.8324,12.2929],[92.8311,12.2936],[92.8334,12.2948],[92.8327,12.2966],[92.8351,12.2973],[92.8363,12.3032],[92.8425,12.3034],[92.8405,12.2974],[92.8439,12.2963],[92.8426,12.3043],[92.8469,12.3037],[92.8497,12.2942],[92.853,12.2918],[92.8517,12.2899],[92.852,12.2871],[92.8513,12.2878],[92.8506,12.2877],[92.8502,12.2856],[92.8512,12.2836],[92.8503,12.2833],[92.8511,12.283],[92.8515,12.2838],[92.8509,12.2876],[92.8521,12.2853],[92.8547,12.2879],[92.854,12.2867],[92.854,12.2845],[92.8559,12.2835],[92.8536,12.2812],[92.8546,12.2813],[92.8559,12.2832],[92.856,12.2838],[92.8546,12.2884],[92.8521,12.2856],[92.8532,12.2921],[92.8489,12.3021],[92.8721,12.3017],[92.8714,12.2954],[92.8689,12.2953],[92.8659,12.2932],[92.8633,12.2868],[92.8664,12.2932],[92.8702,12.2947],[92.8677,12.2903],[92.8767,12.2871],[92.8721,12.2809],[92.8775,12.2841],[92.8803,12.2812],[92.8819,12.2625],[92.885,12.2705],[92.8911,12.2664],[92.8859,12.2647],[92.8882,12.2566],[92.8747,12.2505],[92.8694,12.2513],[92.868,12.2573],[92.8641,12.2583],[92.8655,12.2611],[92.863,12.2635],[92.8624,12.2636],[92.8616,12.2626],[92.8618,12.2636],[92.8614,12.2625],[92.8653,12.261],[92.862,12.2614],[92.8609,12.2597],[92.8689,12.2517],[92.8647,12.2523],[92.8582,12.2493],[92.8576,12.2446],[92.8709,12.2255],[92.8699,12.2128],[92.8841,12.1981],[92.8746,12.1916],[92.8529,12.2046],[92.8461,12.1976],[92.8444,12.202],[92.8274,12.203],[92.829,12.2084],[92.8332,12.2055],[92.8358,12.2131],[92.8328,12.2149],[92.8328,12.2063],[92.8283,12.2088],[92.8261,12.2032],[92.8442,12.2009],[92.8468,12.1936],[92.8402,12.1853],[92.8526,12.1922],[92.857,12.187],[92.8501,12.1654],[92.8563,12.1638],[92.8551,12.1586],[92.844,12.1474],[92.8359,12.1663],[92.8228,12.1666],[92.8283,12.1565],[92.8151,12.1385],[92.8173,12.1258],[92.8026,12.1279],[92.8181,12.114],[92.8148,12.1061],[92.7838,12.1063],[92.8019,12.0927],[92.7917,12.0872],[92.7856,12.0719],[92.7811,12.0803],[92.7633,12.0637],[92.7594,12.0782],[92.752,12.0744],[92.755,12.0766],[92.7581,12.0814],[92.7603,12.0892],[92.7588,12.0923],[92.7606,12.0927],[92.7605,12.0938],[92.7595,12.0949],[92.7575,12.0908],[92.7547,12.0767],[92.7457,12.0744],[92.7391,12.0797],[92.7377,12.0986],[92.7594,12.1462],[92.7574,12.1543],[92.7664,12.1515],[92.7585,12.1595],[92.77,12.1832],[92.765,12.2139],[92.7699,12.2136],[92.7683,12.2351],[92.7749,12.2427],[92.7682,12.2512],[92.7616,12.2331],[92.7599,12.241],[92.7512,12.2328],[92.741,12.2454],[92.7493,12.2741],[92.7631,12.2625],[92.7739,12.2803],[92.7779,12.2725],[92.7787,12.2833],[92.7842,12.279],[92.7876,12.2802],[92.7796,12.2831],[92.7753,12.3012],[92.7668,12.2972],[92.7708,12.3131],[92.7949,12.3036],[92.802,12.3116]]],[[[92.7349,12.2389],[92.7299,12.2132],[92.7322,12.2097],[92.7391,12.223],[92.7422,12.2048],[92.7388,12.2362],[92.744,12.2279],[92.7537,12.2303],[92.7524,12.2176],[92.7608,12.2288],[92.7607,12.2009],[92.767,12.199],[92.7633,12.1831],[92.7595,12.1926],[92.7465,12.1802],[92.7325,12.1845],[92.7284,12.1977],[92.7224,12.1883],[92.7208,12.2332],[92.7291,12.2426],[92.7349,12.2389]]],[[[92.6818,12.2146],[92.6787,12.2192],[92.6817,12.2237],[92.6818,12.2146]]],[[[92.6982,12.2435],[92.6947,12.2472],[92.6964,12.2502],[92.6982,12.2435]]],[[[92.7233,12.254],[92.7224,12.2567],[92.7239,12.2561],[92.7233,12.254]]],[[[92.7035,12.2999],[92.723,12.2909],[92.7098,12.2297],[92.6988,12.275],[92.7035,12.2999]]],[[[92.7481,12.2889],[92.7407,12.2556],[92.7326,12.2465],[92.7394,12.2753],[92.7344,12.2708],[92.7481,12.2889]]],[[[92.7643,12.2669],[92.7521,12.2779],[92.7621,12.2941],[92.7672,12.285],[92.7643,12.2669]]],[[[92.7348,12.2799],[92.7338,12.2882],[92.7362,12.2929],[92.7348,12.2799]]],[[[92.7683,12.2886],[92.766,12.29],[92.77,12.295],[92.7683,12.2886]]],[[[92.7534,12.2931],[92.7523,12.2945],[92.7539,12.2941],[92.7534,12.2931]]],[[[92.7643,12.2967],[92.7645,12.2995],[92.7649,12.2994],[92.7643,12.2967]]],[[[92.8289,12.426],[92.8417,12.421],[92.8418,12.4159],[92.8289,12.426]]],[[[92.6724,12.5413],[92.6841,12.5392],[92.6772,12.5217],[92.6681,12.5347],[92.6724,12.5413]]],[[[92.8978,12.9137],[92.9114,12.9085],[92.9222,12.9153],[92.9097,12.9032],[92.9059,12.8866],[92.9138,12.8894],[92.9243,12.8837],[92.9259,12.8582],[92.9397,12.8553],[92.9376,12.8437],[92.921,12.8301],[92.9286,12.8306],[92.9365,12.8201],[92.9322,12.8336],[92.9464,12.8369],[92.9427,12.8258],[92.9522,12.808],[92.9474,12.7931],[92.9262,12.7745],[92.9387,12.7666],[92.948,12.7701],[92.9473,12.762],[92.9602,12.7544],[92.9676,12.74],[92.9624,12.7267],[92.9656,12.7179],[92.973,12.7201],[92.9793,12.7095],[92.9711,12.7134],[92.9652,12.7118],[92.9698,12.7126],[92.9565,12.697],[92.9649,12.6937],[92.9563,12.6247],[92.946,12.6307],[92.9412,12.6263],[92.9531,12.6],[92.9568,12.62],[92.9603,12.5838],[92.9542,12.572],[92.9622,12.5728],[92.9739,12.5426],[92.9725,12.5309],[92.9614,12.521],[92.9632,12.5135],[92.9494,12.5057],[92.9685,12.4964],[92.9595,12.4867],[92.9458,12.4996],[92.9362,12.4814],[92.9325,12.4819],[92.9327,12.4852],[92.9311,12.4876],[92.9267,12.4886],[92.9287,12.4887],[92.9291,12.4891],[92.9284,12.4904],[92.9271,12.4904],[92.9264,12.4885],[92.9325,12.4847],[92.926,12.4769],[92.9325,12.4675],[92.9209,12.466],[92.9201,12.4729],[92.916,12.4738],[92.9196,12.4761],[92.9183,12.4782],[92.9208,12.4799],[92.9204,12.4829],[92.9195,12.4838],[92.9181,12.4837],[92.9177,12.4817],[92.9168,12.484],[92.9141,12.4842],[92.9138,12.4868],[92.9138,12.4838],[92.9176,12.4814],[92.9199,12.4831],[92.918,12.4782],[92.9193,12.4763],[92.9119,12.4787],[92.9091,12.4774],[92.9084,12.4767],[92.9082,12.4754],[92.9081,12.4763],[92.9072,12.4769],[92.9068,12.4768],[92.9071,12.4775],[92.9068,12.4776],[92.9065,12.4774],[92.907,12.4775],[92.9066,12.4767],[92.9082,12.4752],[92.9122,12.4783],[92.9138,12.4758],[92.9056,12.4706],[92.9077,12.4672],[92.907,12.4692],[92.9117,12.471],[92.9149,12.4776],[92.9153,12.473],[92.9193,12.4727],[92.919,12.4696],[92.9214,12.4648],[92.942,12.4671],[92.9504,12.4759],[92.9574,12.4729],[92.9378,12.4481],[92.9169,12.4426],[92.9144,12.4456],[92.9122,12.446],[92.9138,12.4461],[92.9146,12.4479],[92.9143,12.4504],[92.9123,12.4506],[92.9118,12.446],[92.9147,12.4444],[92.9105,12.4448],[92.9081,12.4439],[92.9073,12.4423],[92.9089,12.438],[92.9106,12.4444],[92.9224,12.4351],[92.9106,12.406],[92.9056,12.4073],[92.9079,12.421],[92.8908,12.4366],[92.8947,12.4358],[92.8957,12.4364],[92.8954,12.4372],[92.8962,12.4375],[92.8964,12.4385],[92.8969,12.4385],[92.8843,12.4418],[92.8955,12.4479],[92.8984,12.4523],[92.8952,12.4552],[92.8924,12.4541],[92.8907,12.458],[92.8854,12.4598],[92.8851,12.4608],[92.8873,12.4609],[92.8888,12.4628],[92.8889,12.4635],[92.888,12.4641],[92.8873,12.4612],[92.8852,12.4611],[92.8849,12.4603],[92.8959,12.4493],[92.877,12.4449],[92.8861,12.4565],[92.8837,12.4585],[92.8786,12.4581],[92.883,12.4665],[92.8788,12.4669],[92.8788,12.4675],[92.8812,12.4681],[92.8817,12.4687],[92.8811,12.4705],[92.88,12.4714],[92.8785,12.467],[92.8811,12.4644],[92.8779,12.4581],[92.8853,12.4563],[92.881,12.4519],[92.876,12.4561],[92.8809,12.4503],[92.8755,12.4466],[92.8679,12.454],[92.8713,12.4549],[92.872,12.457],[92.8718,12.4581],[92.8673,12.4543],[92.8687,12.4462],[92.8555,12.4568],[92.8556,12.4639],[92.8587,12.4586],[92.8624,12.4574],[92.8638,12.459],[92.8627,12.4657],[92.8591,12.4671],[92.863,12.4583],[92.8566,12.4648],[92.855,12.4645],[92.8538,12.4624],[92.8545,12.4716],[92.8534,12.4574],[92.8431,12.4708],[92.8431,12.4803],[92.8356,12.5012],[92.8375,12.4933],[92.8224,12.5003],[92.8368,12.4912],[92.8355,12.4866],[92.834,12.4887],[92.8327,12.4892],[92.8245,12.4829],[92.822,12.4855],[92.8157,12.4867],[92.8245,12.4823],[92.8339,12.4885],[92.8348,12.4858],[92.8423,12.4793],[92.8404,12.4714],[92.8407,12.4764],[92.8333,12.4815],[92.8316,12.481],[92.8314,12.4801],[92.8334,12.4754],[92.8293,12.4747],[92.8286,12.4717],[92.8254,12.4733],[92.825,12.4729],[92.8255,12.472],[92.829,12.4716],[92.8305,12.4745],[92.8298,12.4721],[92.8302,12.4706],[92.8314,12.4693],[92.8331,12.4695],[92.8347,12.4801],[92.8438,12.4655],[92.8397,12.4657],[92.8393,12.4644],[92.8833,12.4365],[92.8747,12.4313],[92.8844,12.4361],[92.8987,12.4169],[92.8855,12.422],[92.8847,12.4313],[92.8739,12.4136],[92.8708,12.4213],[92.8582,12.4265],[92.8594,12.4368],[92.8561,12.4342],[92.857,12.4277],[92.8592,12.4242],[92.8507,12.429],[92.8455,12.4235],[92.8369,12.4308],[92.8416,12.4374],[92.8359,12.4436],[92.8333,12.4386],[92.8336,12.441],[92.8287,12.442],[92.8332,12.4409],[92.8323,12.4383],[92.8364,12.4363],[92.8408,12.4372],[92.8354,12.4307],[92.8214,12.4341],[92.82,12.4371],[92.8106,12.4428],[92.8167,12.4447],[92.812,12.4483],[92.816,12.4468],[92.8181,12.449],[92.8181,12.4513],[92.8176,12.4519],[92.8171,12.452],[92.8158,12.4509],[92.8157,12.4546],[92.8154,12.4509],[92.8176,12.4491],[92.8113,12.4489],[92.8124,12.4459],[92.8162,12.4448],[92.8101,12.4427],[92.8194,12.435],[92.8038,12.4411],[92.7958,12.4379],[92.7994,12.4646],[92.7856,12.4747],[92.7894,12.4771],[92.7906,12.4808],[92.7905,12.4826],[92.7899,12.4836],[92.7865,12.4839],[92.7904,12.4813],[92.7853,12.4746],[92.7908,12.4691],[92.7717,12.4711],[92.7816,12.4684],[92.7803,12.4677],[92.7789,12.4651],[92.7795,12.4627],[92.7785,12.4642],[92.7772,12.4629],[92.7782,12.4601],[92.7774,12.4629],[92.7796,12.4624],[92.7804,12.4646],[92.7791,12.4652],[92.782,12.4679],[92.7815,12.4693],[92.7981,12.4641],[92.7953,12.4495],[92.789,12.4526],[92.7895,12.4532],[92.7921,12.4528],[92.7948,12.4539],[92.7945,12.4547],[92.7926,12.4549],[92.7939,12.4582],[92.7913,12.4603],[92.7909,12.4588],[92.7916,12.4569],[92.7909,12.4556],[92.7918,12.4569],[92.7915,12.4601],[92.7923,12.4547],[92.7944,12.4541],[92.7889,12.4534],[92.7872,12.4467],[92.7935,12.4462],[92.7925,12.4362],[92.7915,12.4371],[92.7903,12.4371],[92.7889,12.4357],[92.7893,12.4368],[92.7871,12.4371],[92.7887,12.4356],[92.7923,12.4358],[92.8049,12.4387],[92.8295,12.4283],[92.8266,12.4191],[92.8208,12.4259],[92.8148,12.4249],[92.8206,12.4255],[92.8248,12.4188],[92.8294,12.4197],[92.8259,12.4161],[92.8313,12.4182],[92.8338,12.4105],[92.8225,12.414],[92.8173,12.4106],[92.818,12.4151],[92.8156,12.417],[92.804,12.4117],[92.8032,12.4046],[92.8023,12.4047],[92.8016,12.4059],[92.8012,12.4059],[92.7995,12.4043],[92.799,12.4008],[92.8035,12.4045],[92.8041,12.4113],[92.8156,12.4164],[92.8165,12.4098],[92.8383,12.4086],[92.8373,12.3986],[92.8324,12.4018],[92.8287,12.3979],[92.8282,12.4002],[92.8262,12.4021],[92.8256,12.4021],[92.8255,12.4016],[92.8267,12.3998],[92.8254,12.3992],[92.8244,12.3996],[92.826,12.3996],[92.8258,12.4002],[92.8225,12.4025],[92.8215,12.4023],[92.8258,12.4],[92.8242,12.3998],[92.8244,12.3991],[92.8253,12.3989],[92.8269,12.3996],[92.8262,12.4017],[92.8289,12.3968],[92.8218,12.3961],[92.8211,12.3933],[92.8218,12.3911],[92.8212,12.3911],[92.8198,12.3902],[92.8195,12.3897],[92.8195,12.3891],[92.8219,12.3909],[92.8218,12.3959],[92.8275,12.3942],[92.8323,12.4006],[92.8381,12.3939],[92.8342,12.3949],[92.8313,12.3937],[92.831,12.3925],[92.8313,12.3915],[92.831,12.3912],[92.8306,12.3913],[92.8309,12.3923],[92.8306,12.3928],[92.8293,12.3919],[92.831,12.3909],[92.8342,12.3936],[92.8342,12.3917],[92.8353,12.3916],[92.8344,12.3946],[92.8414,12.3914],[92.8399,12.3911],[92.8388,12.3898],[92.8408,12.3853],[92.8374,12.3894],[92.8355,12.3869],[92.8352,12.3841],[92.8323,12.3857],[92.828,12.3814],[92.8299,12.3785],[92.8286,12.3789],[92.8275,12.3788],[92.8256,12.3774],[92.8254,12.3764],[92.8249,12.3764],[92.8212,12.3801],[92.82,12.3792],[92.823,12.3742],[92.8301,12.3783],[92.8298,12.383],[92.8355,12.3838],[92.8374,12.3888],[92.8386,12.3835],[92.8413,12.3854],[92.84,12.3906],[92.8447,12.3877],[92.8422,12.3918],[92.8465,12.389],[92.8439,12.3825],[92.846,12.3811],[92.8444,12.3812],[92.844,12.3794],[92.8461,12.3811],[92.8462,12.3852],[92.8504,12.3855],[92.8592,12.3702],[92.8586,12.3677],[92.8507,12.3676],[92.8435,12.3649],[92.8445,12.3632],[92.8561,12.3669],[92.868,12.3617],[92.8718,12.3529],[92.8779,12.3597],[92.8832,12.357],[92.8988,12.3337],[92.8794,12.3449],[92.8798,12.3347],[92.8735,12.3372],[92.8729,12.3369],[92.8731,12.3352],[92.8781,12.3331],[92.8865,12.3348],[92.8713,12.33],[92.8649,12.3391],[92.8598,12.3363],[92.8607,12.3387],[92.8597,12.3421],[92.8569,12.3452],[92.8478,12.3435],[92.8595,12.3419],[92.8593,12.3353],[92.8576,12.3355],[92.8589,12.3386],[92.8581,12.3399],[92.8569,12.3404],[92.8563,12.3398],[92.8559,12.3334],[92.8546,12.3323],[92.8556,12.3305],[92.8579,12.3295],[92.8541,12.3268],[92.8453,12.3293],[92.8424,12.3268],[92.843,12.33],[92.8417,12.3297],[92.841,12.3316],[92.8392,12.3313],[92.8393,12.3328],[92.837,12.3326],[92.8356,12.3343],[92.8318,12.3357],[92.8317,12.3355],[92.8426,12.3264],[92.8454,12.3289],[92.8474,12.3258],[92.8481,12.3281],[92.8513,12.326],[92.8546,12.3266],[92.8566,12.3282],[92.86,12.3192],[92.8547,12.3195],[92.8473,12.3083],[92.8337,12.3086],[92.8313,12.3027],[92.8097,12.3156],[92.8017,12.3132],[92.7943,12.3063],[92.7908,12.3114],[92.7927,12.3133],[92.7923,12.3139],[92.7785,12.3131],[92.7746,12.3157],[92.7792,12.3166],[92.7822,12.319],[92.7792,12.3168],[92.7721,12.3168],[92.775,12.3171],[92.7765,12.3188],[92.7766,12.323],[92.7783,12.3221],[92.7788,12.3229],[92.7797,12.3227],[92.7799,12.3232],[92.7763,12.3231],[92.7749,12.3174],[92.7694,12.3207],[92.7719,12.3273],[92.7715,12.3278],[92.7704,12.3279],[92.7707,12.3293],[92.7694,12.3303],[92.7709,12.3306],[92.772,12.3321],[92.7719,12.3329],[92.7703,12.3338],[92.7692,12.3303],[92.7702,12.3279],[92.7716,12.3272],[92.7689,12.322],[92.7692,12.3204],[92.7707,12.3178],[92.7637,12.3017],[92.7623,12.305],[92.7647,12.3136],[92.7649,12.3222],[92.7541,12.2964],[92.7416,12.3019],[92.7193,12.3001],[92.7146,12.3142],[92.71,12.3101],[92.7074,12.3164],[92.7087,12.3299],[92.6992,12.3279],[92.6995,12.3661],[92.7053,12.3709],[92.6973,12.3891],[92.6978,12.425],[92.7056,12.4492],[92.6984,12.4683],[92.7081,12.4924],[92.6931,12.5159],[92.7003,12.5158],[92.7042,12.5441],[92.7126,12.5444],[92.7045,12.5652],[92.7073,12.594],[92.7021,12.6011],[92.6854,12.602],[92.6839,12.609],[92.6857,12.6143],[92.6931,12.6064],[92.7018,12.6128],[92.7025,12.6048],[92.7178,12.6436],[92.7198,12.6184],[92.7225,12.6154],[92.721,12.6188],[92.7236,12.6201],[92.7231,12.623],[92.7204,12.6261],[92.7353,12.6388],[92.7327,12.6571],[92.7522,12.6721],[92.7732,12.6705],[92.7783,12.6411],[92.7753,12.6379],[92.7749,12.6313],[92.7651,12.6321],[92.7623,12.628],[92.7618,12.6247],[92.7661,12.6317],[92.7754,12.6307],[92.7783,12.6381],[92.7787,12.6297],[92.7843,12.6246],[92.7763,12.5904],[92.7788,12.58],[92.7859,12.6246],[92.7798,12.6311],[92.7802,12.6542],[92.7928,12.6532],[92.799,12.6613],[92.7869,12.6669],[92.7969,12.6752],[92.7896,12.6803],[92.7889,12.704],[92.7767,12.7171],[92.7827,12.7197],[92.7793,12.7283],[92.7825,12.7331],[92.7812,12.7351],[92.7763,12.7354],[92.7746,12.7339],[92.7734,12.7297],[92.7817,12.7339],[92.7787,12.7286],[92.7814,12.7203],[92.775,12.7172],[92.7845,12.7081],[92.7829,12.6926],[92.7684,12.6729],[92.7319,12.6748],[92.7353,12.6841],[92.7276,12.6954],[92.7446,12.6991],[92.7435,12.7065],[92.7387,12.7037],[92.7386,12.7175],[92.7457,12.7228],[92.74,12.7251],[92.7403,12.739],[92.7295,12.7442],[92.7198,12.7903],[92.731,12.7975],[92.732,12.7933],[92.7356,12.7936],[92.7326,12.7893],[92.7355,12.7886],[92.7349,12.7871],[92.7368,12.7841],[92.7355,12.7851],[92.7351,12.785],[92.7349,12.7829],[92.7376,12.7791],[92.7389,12.7909],[92.7311,12.8017],[92.7201,12.7974],[92.7221,12.8259],[92.7304,12.8362],[92.7352,12.8072],[92.7376,12.8044],[92.739,12.837],[92.7402,12.8364],[92.7417,12.8218],[92.7424,12.8206],[92.7428,12.839],[92.7558,12.8471],[92.7568,12.8447],[92.7614,12.842],[92.7617,12.8355],[92.764,12.8331],[92.7619,12.829],[92.7632,12.8261],[92.7607,12.8267],[92.7553,12.8236],[92.754,12.8218],[92.7544,12.8199],[92.753,12.819],[92.7538,12.8177],[92.7604,12.8262],[92.763,12.825],[92.7639,12.8199],[92.7658,12.819],[92.7623,12.8288],[92.7647,12.8334],[92.762,12.8395],[92.7645,12.836],[92.7657,12.8362],[92.7661,12.8486],[92.7726,12.8425],[92.7721,12.8307],[92.7789,12.8246],[92.7791,12.7992],[92.7831,12.7883],[92.786,12.7863],[92.7828,12.7828],[92.7824,12.7755],[92.7798,12.7766],[92.7829,12.7632],[92.7872,12.7765],[92.7857,12.7786],[92.7902,12.7738],[92.7928,12.7745],[92.7869,12.7793],[92.7854,12.7787],[92.7835,12.7758],[92.7865,12.7863],[92.7809,12.8077],[92.7892,12.8146],[92.792,12.7934],[92.7916,12.8107],[92.7991,12.8133],[92.7968,12.8058],[92.7998,12.8045],[92.8001,12.8125],[92.799,12.8139],[92.7935,12.8138],[92.7915,12.8118],[92.7894,12.8154],[92.7873,12.8151],[92.7887,12.8286],[92.7815,12.8096],[92.7802,12.8236],[92.7843,12.8243],[92.7853,12.8323],[92.7814,12.8598],[92.7867,12.8613],[92.7892,12.8492],[92.788,12.8611],[92.7942,12.8628],[92.7953,12.86],[92.7984,12.8592],[92.7971,12.8583],[92.7976,12.8567],[92.8,12.8563],[92.7992,12.8543],[92.8013,12.8514],[92.8001,12.8517],[92.799,12.8501],[92.8,12.8484],[92.8016,12.8513],[92.8003,12.8567],[92.7977,12.8572],[92.7988,12.8591],[92.7982,12.8601],[92.7957,12.8603],[92.7947,12.8627],[92.7925,12.8634],[92.7959,12.8648],[92.7997,12.8605],[92.8045,12.8608],[92.7958,12.8653],[92.7918,12.8644],[92.7915,12.8798],[92.7965,12.8806],[92.79,12.8893],[92.8074,12.8971],[92.8061,12.8885],[92.8105,12.8972],[92.8232,12.8954],[92.8256,12.8879],[92.8294,12.8845],[92.8414,12.8908],[92.8387,12.8783],[92.8408,12.8752],[92.8731,12.8808],[92.8717,12.8926],[92.8958,12.8978],[92.8967,12.9268],[92.8978,12.9137]],[[92.7919,12.8451],[92.791,12.8508],[92.7895,12.8497],[92.7895,12.8493],[92.7919,12.8451]]],[[[92.7225,12.623],[92.7227,12.6205],[92.72,12.6187],[92.7225,12.623]]],[[[92.7004,12.6388],[92.7023,12.6401],[92.7017,12.6385],[92.7004,12.6388]]],[[[92.7262,12.6547],[92.7246,12.6543],[92.7251,12.6555],[92.7262,12.6547]]],[[[92.7152,12.692],[92.7134,12.6841],[92.7098,12.6804],[92.7095,12.695],[92.7152,12.692]]],[[[92.7198,12.6967],[92.7209,12.6895],[92.7166,12.6857],[92.7198,12.6967]]],[[[92.7218,12.7376],[92.7289,12.7302],[92.7269,12.7272],[92.7218,12.7376]]],[[[92.6936,12.7976],[92.7139,12.8282],[92.7111,12.7772],[92.7247,12.7483],[92.7218,12.7426],[92.72,12.7507],[92.7171,12.7563],[92.7164,12.7191],[92.7072,12.7317],[92.7123,12.7377],[92.7083,12.7747],[92.6936,12.7976]]],[[[92.7164,12.7882],[92.7238,12.762],[92.7138,12.7791],[92.7164,12.7882]]],[[[92.7264,12.8359],[92.7239,12.8356],[92.7264,12.8388],[92.7264,12.8359]]],[[[92.7795,12.8617],[92.7834,12.8244],[92.7734,12.8309],[92.7747,12.8414],[92.7674,12.8517],[92.7691,12.8632],[92.7726,12.8567],[92.7795,12.8617]]],[[[92.7598,12.8597],[92.7652,12.8362],[92.761,12.8431],[92.7569,12.8457],[92.7598,12.8597]]],[[[92.7285,12.8636],[92.7175,12.8352],[92.7085,12.8335],[92.7134,12.8555],[92.7232,12.8598],[92.7192,12.865],[92.7285,12.8636]]],[[[92.7306,12.8563],[92.7282,12.8557],[92.7306,12.8566],[92.7306,12.8563]]],[[[92.7647,12.8732],[92.7623,12.8558],[92.76,12.8685],[92.7647,12.8732]]],[[[92.6875,12.9902],[92.7098,12.9881],[92.7136,12.9835],[92.7116,12.9824],[92.7127,12.9803],[92.7088,12.98],[92.7086,12.9794],[92.7099,12.9787],[92.7098,12.978],[92.7191,12.9809],[92.7168,12.9505],[92.7135,12.9434],[92.7096,12.946],[92.714,12.9427],[92.7213,12.9445],[92.7204,12.9249],[92.7139,12.9228],[92.7196,12.9199],[92.7205,12.8896],[92.7181,12.8813],[92.7072,12.8839],[92.7058,12.883],[92.7037,12.88],[92.7039,12.8772],[92.7029,12.8782],[92.7019,12.8778],[92.7015,12.8773],[92.704,12.877],[92.7087,12.8833],[92.7186,12.8748],[92.6995,12.8402],[92.6911,12.835],[92.6709,12.8376],[92.678,12.8319],[92.6736,12.8319],[92.6744,12.8226],[92.6835,12.8297],[92.6879,12.8169],[92.6743,12.808],[92.6672,12.783],[92.6665,12.7911],[92.6576,12.7953],[92.6644,12.7998],[92.6651,12.8117],[92.647,12.8617],[92.664,12.8818],[92.6697,12.9237],[92.6789,12.9422],[92.6794,12.9485],[92.6679,12.9572],[92.6703,12.9658],[92.6796,12.9752],[92.6786,12.9786],[92.6822,12.9849],[92.6871,12.9877],[92.6875,12.9902]],[[92.6882,12.9875],[92.6853,12.986],[92.6848,12.985],[92.6882,12.9875]],[[92.6825,12.9839],[92.6815,12.9797],[92.6829,12.9843],[92.6825,12.9839]],[[92.6625,12.7958],[92.6625,12.7945],[92.663,12.7954],[92.6625,12.7958]],[[92.6606,12.795],[92.6598,12.7957],[92.6593,12.7953],[92.6606,12.795]]],[[[92.7842,12.8824],[92.7813,12.8914],[92.7881,12.8931],[92.7891,12.885],[92.7842,12.8824]]],[[[92.7486,12.8912],[92.751,12.896],[92.7516,12.8914],[92.7486,12.8912]]],[[[92.7521,12.8896],[92.7546,12.9001],[92.7541,12.9145],[92.7561,12.8969],[92.7521,12.8896]]],[[[92.7904,12.9165],[92.8002,12.8975],[92.792,12.8921],[92.7818,12.8959],[92.7878,12.9052],[92.7737,12.9059],[92.7735,12.9118],[92.7904,12.9165]]],[[[92.7663,12.9173],[92.7673,12.9165],[92.7667,12.9163],[92.7663,12.9173]]],[[[92.7639,12.9176],[92.7642,12.9244],[92.7655,12.9263],[92.7639,12.9176]]],[[[92.7753,12.93],[92.7751,12.9255],[92.7717,12.9174],[92.7689,12.9286],[92.7753,12.93]]],[[[92.763,12.9256],[92.7591,12.9319],[92.7603,12.9369],[92.7655,12.932],[92.763,12.9256]]],[[[92.719,13.0952],[92.708,13.0885],[92.7023,13.0793],[92.7057,13.0714],[92.6999,13.071],[92.6954,13.0963],[92.719,13.0952]]],[[[92.7278,13.0925],[92.7309,13.095],[92.7275,13.0908],[92.7278,13.0925]]],[[[92.7926,13.1698],[92.7959,13.1696],[92.7944,13.1682],[92.7926,13.1698]]],[[[92.8113,13.4196],[92.8177,13.4163],[92.8132,13.4037],[92.8113,13.4196]]],[[[92.8434,13.4337],[92.8342,13.4205],[92.8216,13.4215],[92.8247,13.439],[92.8336,13.4365],[92.8414,13.4422],[92.8434,13.4337]]],[[[93.0431,8.4411],[93.0265,8.4507],[93.0331,8.4719],[93.0475,8.4597],[93.0496,8.4439],[93.0431,8.4411]]],[[[93.0114,11.8497],[93.0359,11.8361],[93.0621,11.8443],[93.0704,11.8357],[93.0595,11.8169],[93.0477,11.813],[93.0146,11.8302],[93.0114,11.8497]]],[[[92.9665,12.0411],[92.973,12.0485],[92.9737,12.0437],[92.994,12.0386],[93.0077,12.0197],[93.0054,12.0022],[93.027,11.9518],[93.0361,11.9474],[93.0527,11.9034],[93.0437,11.8844],[93.0351,11.8824],[93.0239,11.8898],[92.9944,11.9518],[92.9842,11.9455],[92.9728,11.9487],[92.9597,11.9808],[92.933,11.985],[92.9252,11.9954],[92.9279,12.0059],[92.9489,12.0137],[92.9637,12.0508],[92.9665,12.0411]]],[[[93.0052,12.1017],[93.0001,12.0841],[93.0048,12.0483],[92.9954,12.0418],[92.9565,12.0693],[92.9544,12.0811],[92.9611,12.0864],[92.9556,12.0883],[92.9571,12.1091],[92.9712,12.1063],[92.9771,12.1071],[92.9855,12.1106],[93.0052,12.1017]]],[[[92.9501,12.0844],[92.9489,12.1083],[92.9469,12.1167],[92.9561,12.0988],[92.9501,12.0844]]],[[[93.0252,12.1432],[93.0204,12.1436],[93.0333,12.1255],[93.0284,12.1155],[93.0225,12.1191],[93.0232,12.1136],[93.0291,12.1136],[93.0329,12.1012],[93.0282,12.1025],[93.0226,12.0985],[93.0322,12.1003],[93.0392,12.0844],[93.0501,12.0795],[93.0422,12.076],[93.052,12.0689],[93.044,12.0458],[93.024,12.0716],[93.006,12.0794],[93.0037,12.1397],[93.0261,12.1665],[93.0252,12.1432]]],[[[93.0571,12.1176],[93.0537,12.1092],[93.0504,12.1108],[93.0489,12.1166],[93.0571,12.1176]]],[[[92.9529,12.149],[92.9969,12.1573],[93.0028,12.1121],[92.9844,12.112],[92.9774,12.1081],[92.973,12.1145],[92.9638,12.1177],[92.9625,12.1134],[92.9543,12.1237],[92.9529,12.149]]],[[[92.936,12.2232],[92.9387,12.2158],[92.9317,12.2145],[92.9349,12.2127],[92.9322,12.1961],[92.9241,12.2151],[92.9268,12.2221],[92.936,12.2232]]],[[[93.0187,12.2242],[93.0191,12.2233],[93.0186,12.2234],[93.0187,12.2242]]],[[[92.9005,12.2554],[92.9108,12.2404],[92.9145,12.2199],[92.9071,12.2286],[92.9036,12.2225],[92.89,12.2281],[92.8784,12.2077],[92.8696,12.2455],[92.877,12.2491],[92.8786,12.2382],[92.8833,12.2382],[92.8868,12.2525],[92.9005,12.2554]]],[[[92.8812,12.2415],[92.8816,12.2393],[92.8806,12.2394],[92.8812,12.2415]]],[[[92.8665,12.2356],[92.8606,12.2459],[92.864,12.2507],[92.8665,12.2356]]],[[[92.8792,12.2453],[92.8807,12.2493],[92.8805,12.2451],[92.8792,12.2453]]],[[[92.8998,12.2585],[92.8984,12.2617],[92.8996,12.2624],[92.8998,12.2585]]],[[[92.9332,12.3109],[92.9323,12.2885],[92.9412,12.2764],[92.9281,12.2575],[92.934,12.2484],[92.9218,12.2292],[92.9151,12.2324],[92.9197,12.2692],[92.9113,12.263],[92.9137,12.2735],[92.9004,12.2717],[92.9008,12.2886],[92.9123,12.2927],[92.9274,12.2781],[92.9332,12.3109]]],[[[93.0255,12.2743],[93.0262,12.2797],[93.0283,12.2797],[93.0255,12.2743]]],[[[92.8773,12.2943],[92.8778,12.2981],[92.8794,12.2972],[92.8773,12.2943]]],[[[92.8644,12.3057],[92.8646,12.3031],[92.863,12.3033],[92.8644,12.3057]]],[[[92.8574,12.3352],[92.8708,12.3287],[92.8861,12.3323],[92.8879,12.3253],[92.8999,12.3235],[92.8902,12.3169],[92.8851,12.3228],[92.8776,12.3129],[92.8715,12.3183],[92.856,12.3147],[92.8559,12.3179],[92.8605,12.3191],[92.8617,12.3211],[92.8601,12.3201],[92.8583,12.3298],[92.8549,12.3321],[92.8563,12.3333],[92.8569,12.34],[92.8574,12.3352]]],[[[92.9118,12.3326],[92.9101,12.3346],[92.9107,12.3355],[92.9118,12.3326]]],[[[92.9042,12.3387],[92.905,12.3404],[92.905,12.3383],[92.9042,12.3387]]],[[[92.9097,12.3517],[92.9165,12.3489],[92.9097,12.338],[92.9097,12.3517]]],[[[92.8851,12.4081],[92.8932,12.3995],[92.8819,12.3886],[92.8838,12.3764],[92.8785,12.3847],[92.867,12.3774],[92.8605,12.3808],[92.8608,12.392],[92.8542,12.389],[92.8426,12.4011],[92.8542,12.4093],[92.8657,12.4014],[92.8723,12.406],[92.8793,12.3985],[92.8851,12.4081]]],[[[92.9549,12.4316],[92.958,12.4178],[92.9433,12.4041],[92.942,12.3837],[92.93,12.3585],[92.9177,12.3741],[92.9277,12.386],[92.9247,12.4041],[92.9364,12.4216],[92.9472,12.4153],[92.9476,12.4284],[92.9549,12.4316]]],[[[92.8985,12.4092],[92.8965,12.4106],[92.8975,12.4119],[92.8985,12.4092]]],[[[92.8446,12.4149],[92.8433,12.418],[92.8457,12.4164],[92.8446,12.4149]]],[[[92.8683,12.4141],[92.8582,12.4176],[92.8677,12.4201],[92.8683,12.4141]]],[[[92.9032,12.4233],[92.8981,12.4218],[92.8991,12.4261],[92.9032,12.4233]]],[[[92.8923,12.8991],[92.8907,12.8974],[92.8908,12.8987],[92.8923,12.8991]]],[[[92.8627,12.9138],[92.8636,12.9137],[92.8637,12.9128],[92.8627,12.9138]]],[[[92.9084,12.9145],[92.9103,12.9141],[92.9084,12.9141],[92.9084,12.9145]]],[[[92.9344,12.9202],[92.9338,12.911],[92.9288,12.9169],[92.9344,12.9202]]],[[[92.8583,12.9297],[92.8733,12.9319],[92.8846,12.924],[92.8722,12.9294],[92.8723,12.9167],[92.864,12.9177],[92.8583,12.9297]]],[[[92.8913,12.9364],[92.8891,12.9377],[92.8915,12.9374],[92.8913,12.9364]]],[[[92.9579,12.9491],[92.9692,12.9451],[92.9501,12.9404],[92.9579,12.9491]]],[[[93.0054,12.9981],[92.9695,12.9622],[92.9864,12.9564],[92.9788,12.9483],[92.9782,12.9329],[92.969,12.9442],[92.9746,12.9443],[92.971,12.9551],[92.9543,12.9588],[92.9531,12.9675],[92.9615,12.9622],[92.9646,12.9691],[92.9511,12.9805],[92.9598,12.9888],[92.9673,12.9821],[92.9595,12.9787],[92.9717,12.9663],[92.9884,12.9847],[92.9846,12.994],[92.9923,12.9911],[93.0054,12.9981]]],[[[92.9857,13.0001],[92.9883,13.0002],[92.9859,12.9986],[92.9857,13.0001]]],[[[92.9219,13.0292],[92.9386,13.0253],[92.9415,13.0186],[92.9411,12.9966],[92.9224,13.0014],[92.915,13.012],[92.9219,13.0292]]],[[[92.9138,13.0417],[92.9161,13.0481],[92.9172,13.0399],[92.9138,13.0417]]],[[[92.9309,13.0511],[92.9325,13.0517],[92.9318,13.0494],[92.9309,13.0511]]],[[[92.9148,13.0584],[92.916,13.0625],[92.9164,13.0581],[92.9148,13.0584]]],[[[92.9125,13.0636],[92.913,13.0673],[92.9137,13.0624],[92.9125,13.0636]]],[[[93.0575,13.2232],[93.058,13.2261],[93.059,13.2223],[93.0575,13.2232]]],[[[93.0589,13.2275],[93.0609,13.2272],[93.0601,13.2247],[93.0589,13.2275]]],[[[93.0267,13.5787],[93.0436,13.528],[93.0338,13.4705],[93.0315,13.4647],[93.0177,13.4657],[93.016,13.4623],[93.0141,13.4554],[93.011,13.4554],[93.0119,13.4587],[93.0102,13.4597],[93.0079,13.4593],[93.0093,13.4612],[93.0076,13.4623],[93.0059,13.4623],[93.005,13.4632],[93.0114,13.4532],[93.0143,13.4545],[93.0172,13.4629],[93.0312,13.4571],[93.0335,13.4355],[93.017,13.4318],[93.0161,13.4372],[93.0125,13.4399],[93.0135,13.4418],[93.008,13.4369],[93.0159,13.4339],[93.0117,13.4351],[93.0034,13.4322],[92.9997,13.4365],[92.9926,13.4331],[92.9908,13.4354],[92.9925,13.4365],[92.9924,13.4376],[92.9916,13.4382],[92.9905,13.4357],[92.9916,13.4309],[92.9888,13.4274],[92.9993,13.436],[93.0076,13.4245],[93.0129,13.4248],[93.0098,13.4226],[93.0076,13.4182],[93.0167,13.429],[93.0126,13.4275],[93.0094,13.4321],[93.008,13.4258],[93.0078,13.4331],[93.0334,13.4223],[93.0382,13.4275],[93.0337,13.4174],[93.0445,13.4031],[93.0605,13.4209],[93.0576,13.3965],[93.0685,13.4068],[93.0675,13.3971],[93.051,13.3897],[93.0455,13.3771],[93.0418,13.3819],[93.0388,13.3753],[93.0387,13.3798],[93.0381,13.3801],[93.036,13.379],[93.0364,13.3811],[93.0359,13.3817],[93.0346,13.3819],[93.0377,13.3753],[93.0248,13.3732],[93.0098,13.3791],[93.0086,13.3835],[93.0033,13.388],[93.0035,13.3923],[92.9989,13.3958],[93.0032,13.3918],[93.0021,13.3882],[93.0087,13.3793],[93.0163,13.3753],[93.0162,13.3733],[93.014,13.3716],[93.014,13.3707],[93.0338,13.3745],[93.0362,13.3698],[93.0398,13.3686],[93.0242,13.3575],[93.0395,13.3573],[93.0316,13.3451],[93.0027,13.3542],[92.9884,13.3422],[92.9846,13.328],[92.9753,13.3515],[92.9698,13.3474],[92.9676,13.3569],[92.9727,13.3595],[92.9497,13.3616],[92.9616,13.3551],[92.9548,13.3443],[92.949,13.3501],[92.9452,13.3511],[92.9495,13.3414],[92.9503,13.3456],[92.958,13.3391],[92.9583,13.327],[92.9521,13.3271],[92.9613,13.3232],[92.9492,13.3211],[92.9481,13.3194],[92.9485,13.3178],[92.961,13.3207],[92.9619,13.3232],[92.9595,13.328],[92.9643,13.3284],[92.9849,13.3204],[92.9848,13.3178],[92.991,13.3145],[92.9895,13.3141],[92.9881,13.3118],[92.9911,13.3091],[92.9884,13.3117],[92.9914,13.3139],[92.9909,13.3151],[92.9885,13.3162],[92.9888,13.3171],[92.9969,13.3149],[92.9937,13.301],[92.9828,13.2989],[92.9907,13.2919],[92.9865,13.2913],[92.9842,13.287],[92.9819,13.2881],[92.9822,13.2849],[92.9833,13.2827],[92.9814,13.2834],[92.9803,13.2813],[92.9784,13.2837],[92.9735,13.2834],[92.9737,13.2819],[92.9801,13.2806],[92.9836,13.2824],[92.9864,13.2897],[92.9906,13.2879],[92.9867,13.2906],[92.9932,13.2916],[92.9993,13.286],[92.9947,13.2831],[92.9944,13.2796],[93.0008,13.2808],[92.9985,13.2785],[93.0017,13.265],[93.005,13.2696],[93.0001,13.2882],[92.9863,13.2992],[93.0003,13.2997],[93.0008,13.2991],[92.9992,13.2993],[92.9977,13.2971],[92.9976,13.2946],[93.0011,13.2989],[93.0024,13.3038],[93.0101,13.3022],[93.005,13.2971],[93.0049,13.2958],[93.0074,13.2919],[93.0095,13.3005],[93.0202,13.2976],[93.0119,13.2955],[93.0158,13.2888],[93.011,13.2768],[93.0284,13.2811],[93.0269,13.2691],[93.0359,13.263],[93.0384,13.2732],[93.0326,13.2756],[93.0452,13.2818],[93.0383,13.2705],[93.0434,13.2543],[93.0645,13.2723],[93.0556,13.2558],[93.0552,13.233],[93.0412,13.2231],[93.0443,13.2102],[93.031,13.1781],[93.0358,13.1714],[93.0361,13.1405],[93.0295,13.1269],[93.0334,13.0817],[93.0175,13.0726],[93.0288,13.0669],[93.0196,13.0503],[93.0082,13.045],[93.0023,13.0288],[92.9943,13.0358],[92.9819,13.0249],[92.9641,13.0384],[92.9671,13.0182],[92.9747,13.0144],[92.9594,13.0156],[92.9331,13.0464],[92.9411,13.0541],[92.9484,13.0515],[92.94,13.058],[92.9404,13.0616],[92.9465,13.0666],[92.9467,13.069],[92.9495,13.0674],[92.9556,13.069],[92.9557,13.0643],[92.9567,13.0656],[92.9559,13.0728],[92.9464,13.0693],[92.9416,13.0645],[92.9373,13.0697],[92.9415,13.079],[92.9348,13.0893],[92.9389,13.091],[92.939,13.0886],[92.9398,13.0881],[92.9409,13.0881],[92.9421,13.0891],[92.944,13.089],[92.9455,13.0896],[92.9421,13.0894],[92.9406,13.0882],[92.9393,13.0885],[92.9448,13.1223],[92.9391,13.1041],[92.9381,13.1069],[92.9371,13.1083],[92.9335,13.1093],[92.9396,13.0938],[92.9337,13.0892],[92.9342,13.0621],[92.9252,13.062],[92.9289,13.0684],[92.9286,13.0725],[92.9219,13.0568],[92.9122,13.08],[92.9013,13.0818],[92.8986,13.0957],[92.8871,13.0932],[92.8924,13.1009],[92.8894,13.1135],[92.8833,13.1281],[92.8766,13.1359],[92.8751,13.1356],[92.8887,13.1079],[92.8813,13.1084],[92.8731,13.1034],[92.8889,13.1071],[92.8855,13.0923],[92.8982,13.0934],[92.8997,13.0813],[92.9121,13.0668],[92.895,13.0586],[92.8857,13.0453],[92.876,13.0549],[92.8642,13.0595],[92.8664,13.0645],[92.8603,13.0667],[92.8588,13.0754],[92.854,13.0776],[92.8555,13.0778],[92.8579,13.0799],[92.8535,13.0777],[92.8581,13.0714],[92.8462,13.0751],[92.8595,13.0663],[92.8494,13.0637],[92.8483,13.0592],[92.8493,13.0548],[92.8444,13.0608],[92.8415,13.0599],[92.8436,13.0506],[92.8507,13.0551],[92.8499,13.0634],[92.86,13.0656],[92.8652,13.0646],[92.8635,13.0589],[92.871,13.0555],[92.8685,13.0547],[92.8663,13.0525],[92.8689,13.0469],[92.865,13.0453],[92.8634,13.0436],[92.8691,13.0466],[92.8695,13.0547],[92.8791,13.0488],[92.874,13.0485],[92.874,13.0472],[92.8749,13.0454],[92.8733,13.0467],[92.8725,13.0435],[92.8751,13.0453],[92.8746,13.0483],[92.8864,13.0439],[92.897,13.0581],[92.9124,13.0547],[92.9086,13.0333],[92.902,13.0227],[92.8963,13.02],[92.8953,13.018],[92.9021,13.0218],[92.9062,13.0043],[92.9026,13.0076],[92.9013,13.0025],[92.9014,13.0063],[92.8977,13.008],[92.8997,13.0096],[92.8976,13.011],[92.8964,13.0095],[92.8965,13.011],[92.8942,13.0111],[92.8965,13.0092],[92.8991,13.0094],[92.897,13.0083],[92.9006,13.0025],[92.9084,12.9961],[92.9134,13.0012],[92.9134,12.9839],[92.9297,12.9895],[92.9242,12.9763],[92.9336,12.9793],[92.9369,12.9747],[92.9335,12.9674],[92.9273,12.9689],[92.9264,12.9585],[92.9211,12.9626],[92.9141,12.9586],[92.9098,12.9471],[92.9054,12.9758],[92.9098,12.9775],[92.8973,12.9869],[92.8956,12.9957],[92.8856,12.9819],[92.8871,12.9913],[92.8844,12.9924],[92.8801,12.9679],[92.8729,12.9632],[92.876,12.9445],[92.8701,12.9347],[92.8537,12.9399],[92.8557,12.9447],[92.8483,12.9528],[92.8544,12.9546],[92.8479,12.9556],[92.848,12.956],[92.8496,12.9566],[92.8507,12.9576],[92.8506,12.9585],[92.8489,12.96],[92.8516,12.9613],[92.8481,12.9599],[92.8474,12.9555],[92.8505,12.9544],[92.8482,12.9541],[92.847,12.9516],[92.847,12.9503],[92.848,12.948],[92.8422,12.9469],[92.8452,12.9485],[92.846,12.9512],[92.8458,12.9526],[92.8449,12.9537],[92.8441,12.9536],[92.8439,12.9522],[92.8426,12.9523],[92.8445,12.9548],[92.8433,12.9567],[92.8425,12.9565],[92.8421,12.9523],[92.8457,12.9512],[92.8405,12.9497],[92.8425,12.9439],[92.8485,12.9474],[92.8482,12.952],[92.8499,12.9445],[92.8474,12.944],[92.8561,12.9353],[92.8554,12.9343],[92.8523,12.9344],[92.8502,12.933],[92.8493,12.9394],[92.8478,12.9349],[92.8499,12.933],[92.8489,12.9317],[92.8505,12.9303],[92.8428,12.9332],[92.8459,12.9294],[92.8506,12.9299],[92.8522,12.9339],[92.8558,12.9335],[92.8587,12.9175],[92.8474,12.9123],[92.8581,12.9127],[92.858,12.9012],[92.8648,12.9009],[92.8704,12.9095],[92.8753,12.9057],[92.8684,12.8897],[92.8726,12.8837],[92.8413,12.8769],[92.8435,12.8876],[92.8407,12.8924],[92.8286,12.8863],[92.8284,12.8988],[92.8261,12.8928],[92.8237,12.8966],[92.8043,12.9001],[92.8042,12.9058],[92.808,12.9057],[92.8094,12.9089],[92.804,12.9059],[92.8037,12.8983],[92.8008,12.8999],[92.792,12.9304],[92.7999,12.935],[92.8009,12.952],[92.7922,12.9505],[92.7897,12.9617],[92.7913,12.9694],[92.7966,12.9633],[92.7923,12.9805],[92.7992,12.9918],[92.8044,12.9834],[92.8107,12.984],[92.8103,12.9754],[92.8113,12.9718],[92.8154,12.9872],[92.8172,12.9866],[92.8197,12.9834],[92.8203,12.9829],[92.8214,12.9824],[92.8204,12.9809],[92.8205,12.9799],[92.8196,12.9791],[92.8221,12.977],[92.8217,12.9825],[92.817,12.99],[92.8069,12.9989],[92.8295,13.0014],[92.8233,13.0106],[92.8259,13.0167],[92.8292,13.0152],[92.8352,13.0187],[92.837,13.023],[92.8349,13.019],[92.8315,13.0204],[92.8291,13.016],[92.8259,13.0176],[92.8204,13.0121],[92.818,13.0123],[92.8175,13.0159],[92.8149,13.0166],[92.8135,13.022],[92.8127,13.0218],[92.8142,13.0074],[92.7917,13.0126],[92.7878,13.0195],[92.7959,13.0389],[92.7923,13.0476],[92.7959,13.0471],[92.7978,13.0441],[92.7989,13.0432],[92.7991,13.0433],[92.7916,13.0533],[92.7967,13.068],[92.7927,13.0906],[92.7999,13.0922],[92.7975,13.0814],[92.8081,13.0719],[92.8112,13.0767],[92.813,13.0725],[92.8141,13.0723],[92.8185,13.0751],[92.8134,13.0727],[92.8111,13.081],[92.8062,13.0802],[92.8067,13.0994],[92.8129,13.103],[92.8205,13.0912],[92.8213,13.1117],[92.825,13.1126],[92.8281,13.1088],[92.8293,13.1088],[92.8236,13.1159],[92.8154,13.115],[92.8095,13.1269],[92.8228,13.1342],[92.8331,13.1233],[92.8339,13.1304],[92.8409,13.1279],[92.8406,13.1254],[92.8432,13.1217],[92.8463,13.1214],[92.846,13.1197],[92.8471,13.1182],[92.8462,13.122],[92.8408,13.1257],[92.8433,13.1356],[92.8396,13.1341],[92.8386,13.1348],[92.8466,13.1386],[92.8483,13.1502],[92.8465,13.1482],[92.8469,13.1432],[92.8453,13.1414],[92.838,13.1486],[92.833,13.1442],[92.8265,13.1505],[92.8203,13.1451],[92.8087,13.1533],[92.8145,13.1742],[92.8178,13.1697],[92.8232,13.1744],[92.8252,13.169],[92.8272,13.1673],[92.8192,13.1621],[92.8269,13.1634],[92.8276,13.1739],[92.8371,13.162],[92.8443,13.1609],[92.8472,13.1618],[92.8482,13.1628],[92.8486,13.1613],[92.8488,13.161],[92.8492,13.1611],[92.8482,13.1629],[92.8374,13.1622],[92.8345,13.1753],[92.8179,13.1843],[92.8213,13.2012],[92.8324,13.2143],[92.8233,13.2166],[92.829,13.2212],[92.8251,13.2249],[92.8306,13.2426],[92.8529,13.2352],[92.8508,13.2285],[92.855,13.219],[92.8477,13.2127],[92.8481,13.2086],[92.8492,13.2075],[92.8541,13.2091],[92.8584,13.2061],[92.8612,13.2064],[92.8581,13.2008],[92.859,13.1994],[92.8628,13.1965],[92.8571,13.1962],[92.856,13.1952],[92.8553,13.1907],[92.8558,13.1891],[92.8579,13.1876],[92.8591,13.1886],[92.8592,13.1922],[92.8603,13.1917],[92.8608,13.1855],[92.8616,13.1843],[92.863,13.1848],[92.8606,13.1919],[92.8587,13.1924],[92.8578,13.1882],[92.8556,13.1906],[92.8637,13.1961],[92.8585,13.2007],[92.862,13.2066],[92.8545,13.2097],[92.8488,13.2084],[92.8559,13.2197],[92.8547,13.234],[92.8487,13.2423],[92.8516,13.261],[92.8379,13.2614],[92.8346,13.2723],[92.8266,13.2684],[92.8215,13.2795],[92.8236,13.2881],[92.8382,13.2878],[92.8345,13.2941],[92.8417,13.3012],[92.8411,13.3079],[92.8226,13.311],[92.8302,13.3146],[92.8258,13.3284],[92.8338,13.3379],[92.8383,13.3743],[92.8417,13.3777],[92.8514,13.3705],[92.8492,13.3672],[92.8497,13.3657],[92.8513,13.3641],[92.8486,13.3641],[92.848,13.3634],[92.8491,13.3602],[92.8508,13.359],[92.8521,13.359],[92.8483,13.3632],[92.8516,13.3639],[92.8496,13.3671],[92.8519,13.3702],[92.8511,13.3753],[92.8654,13.3811],[92.8695,13.3908],[92.8578,13.3852],[92.8415,13.3915],[92.842,13.4029],[92.8486,13.4115],[92.8672,13.4008],[92.871,13.4124],[92.873,13.4022],[92.8783,13.3967],[92.8826,13.3952],[92.8792,13.3922],[92.8801,13.3889],[92.8861,13.3984],[92.8889,13.3946],[92.8904,13.3943],[92.8925,13.3958],[92.8947,13.392],[92.8986,13.3912],[92.8985,13.3887],[92.9025,13.3905],[92.9022,13.3877],[92.9063,13.3824],[92.9154,13.3819],[92.9178,13.3845],[92.918,13.3862],[92.9195,13.3856],[92.9187,13.3857],[92.9183,13.3845],[92.9193,13.3832],[92.9207,13.3833],[92.9238,13.3846],[92.9185,13.3845],[92.9247,13.39],[92.9261,13.3951],[92.9244,13.3901],[92.921,13.39],[92.9212,13.3885],[92.9176,13.3865],[92.9151,13.3821],[92.9059,13.3831],[92.9039,13.3945],[92.8989,13.3892],[92.8991,13.3912],[92.8933,13.396],[92.8887,13.3954],[92.888,13.3999],[92.8929,13.3969],[92.8995,13.4032],[92.8921,13.4043],[92.8961,13.4086],[92.8968,13.4125],[92.8918,13.4045],[92.8959,13.4017],[92.8844,13.4072],[92.8855,13.4],[92.882,13.3963],[92.8741,13.4026],[92.874,13.407],[92.8779,13.4008],[92.8835,13.3991],[92.8771,13.4138],[92.8683,13.4167],[92.8697,13.4241],[92.8765,13.4221],[92.8863,13.4321],[92.8886,13.4286],[92.8892,13.4267],[92.8889,13.424],[92.8893,13.4232],[92.8909,13.4232],[92.8927,13.4253],[92.8973,13.4256],[92.898,13.426],[92.8985,13.4269],[92.8973,13.4277],[92.8987,13.4287],[92.8892,13.4236],[92.8894,13.4278],[92.8872,13.4322],[92.8807,13.4375],[92.8803,13.445],[92.8753,13.4443],[92.8727,13.4469],[92.8707,13.4723],[92.8871,13.4779],[92.8941,13.4732],[92.9046,13.4968],[92.9177,13.5009],[92.9272,13.4952],[92.9242,13.4808],[92.9317,13.481],[92.9209,13.4715],[92.9316,13.4715],[92.9273,13.4752],[92.9325,13.4813],[92.9265,13.4822],[92.929,13.4908],[92.9272,13.4978],[92.9333,13.499],[92.9238,13.509],[92.9271,13.5214],[92.9161,13.5223],[92.9146,13.5326],[92.935,13.5385],[92.9457,13.5315],[92.9506,13.542],[92.9662,13.5439],[92.9723,13.5294],[92.9851,13.5276],[92.9912,13.5392],[92.9837,13.5394],[92.9807,13.5529],[92.9876,13.5735],[93.013,13.5391],[93.0186,13.5737],[93.0206,13.5685],[93.0267,13.5787]]],[[[93.0077,13.3208],[93.0117,13.3072],[93.0116,13.3014],[93.0107,13.3028],[93.0023,13.3043],[92.9964,13.3002],[93.0077,13.3208]]],[[[93.0219,13.3266],[93.0197,13.3164],[93.0209,13.3039],[93.0137,13.3087],[93.016,13.3278],[93.0219,13.3266]]],[[[92.9645,13.3356],[92.9675,13.3375],[92.9656,13.3322],[92.9645,13.3356]]],[[[93.0069,13.3368],[93.0076,13.3359],[93.0062,13.3356],[93.0069,13.3368]]],[[[93.0137,13.3373],[93.0128,13.3385],[93.0145,13.339],[93.0137,13.3373]]],[[[93.0197,13.3439],[93.017,13.3367],[93.0177,13.3456],[93.0197,13.3439]]],[[[93.0534,13.3823],[93.0696,13.3476],[93.0773,13.3475],[93.0776,13.34],[93.0855,13.3435],[93.0887,13.336],[93.0742,13.3296],[93.064,13.3041],[93.0592,13.3299],[93.0387,13.3228],[93.0457,13.3482],[93.0446,13.3596],[93.0383,13.3618],[93.0496,13.3654],[93.0471,13.3706],[93.0405,13.3654],[93.0402,13.369],[93.0362,13.372],[93.0476,13.3731],[93.0534,13.3823]]],[[[93.0608,13.3835],[93.0617,13.3864],[93.0625,13.3861],[93.0608,13.3835]]],[[[92.8679,13.5119],[92.8721,13.5029],[92.8664,13.5035],[92.8679,13.5119]]],[[[92.915,13.5143],[92.9164,13.5077],[92.9133,13.5071],[92.915,13.5143]]],[[[92.9063,13.5369],[92.911,13.5334],[92.9047,13.5307],[92.9063,13.5369]]],[[[92.874,13.5412],[92.8747,13.5355],[92.8736,13.5409],[92.874,13.5412]]],[[[93.0527,13.5599],[93.0522,13.5655],[93.0557,13.566],[93.0527,13.5599]]],[[[92.9978,13.5702],[93.0023,13.571],[93.0003,13.5684],[92.9978,13.5702]]],[[[92.903,13.5996],[92.8918,13.5875],[92.8838,13.5748],[92.8809,13.5816],[92.8954,13.6001],[92.8897,13.5978],[92.8951,13.6012],[92.903,13.5996]]],[[[93.0653,13.6526],[93.0549,13.6448],[93.0458,13.6212],[93.0425,13.6378],[93.0563,13.6539],[93.0653,13.6526]]],[[[93.0214,13.6721],[93.031,13.6339],[93.0234,13.6272],[93.0122,13.6489],[93.0002,13.653],[92.9857,13.6424],[92.9757,13.6556],[92.9809,13.6572],[92.9837,13.6496],[92.9834,13.6632],[92.9858,13.6577],[92.995,13.6647],[93.0116,13.6632],[93.0116,13.6569],[93.0182,13.6647],[93.0181,13.669],[93.0074,13.6674],[93.0133,13.6728],[93.0214,13.6721]]],[[[93.8372,7.245],[93.831,7.2286],[93.8357,7.2186],[93.8557,7.2183],[93.8696,7.2044],[93.8661,7.1753],[93.8763,7.1558],[93.8739,7.1347],[93.8811,7.1242],[93.875,7.1058],[93.8804,7.0899],[93.8977,7.0803],[93.9118,7.0494],[93.9073,7.0399],[93.9113,7.0251],[93.9249,7.0264],[93.943,6.9986],[93.9385,6.9923],[93.9229,7.0109],[93.9092,7.0003],[93.9085,6.9927],[93.9224,6.9864],[93.9233,6.9728],[93.9405,6.9541],[93.9339,6.9497],[93.9216,6.9544],[93.9143,6.9487],[93.9109,6.9333],[93.903,6.9274],[93.9086,6.9124],[93.888,6.9029],[93.8954,6.8761],[93.8871,6.866],[93.8876,6.8456],[93.9041,6.8349],[93.897,6.8142],[93.8781,6.7931],[93.8628,6.8153],[93.8446,6.8161],[93.8411,6.779],[93.8304,6.7557],[93.824,6.7541],[93.7999,6.7661],[93.8087,6.7782],[93.8038,6.7888],[93.8121,6.7908],[93.803,6.796],[93.803,6.8043],[93.8132,6.8081],[93.8126,6.8174],[93.8026,6.8207],[93.7973,6.8104],[93.7803,6.8292],[93.7822,6.8409],[93.798,6.8502],[93.7749,6.8542],[93.7655,6.8649],[93.7644,6.8762],[93.7768,6.8795],[93.7835,6.8722],[93.7866,6.8789],[93.7697,6.8841],[93.7774,6.8949],[93.7747,6.8994],[93.7697,6.8907],[93.7603,6.8966],[93.7577,6.9161],[93.7443,6.9073],[93.7347,6.9239],[93.7346,6.9287],[93.7435,6.9299],[93.7445,6.9388],[93.7382,6.9632],[93.7281,6.9604],[93.7172,6.992],[93.6971,6.9928],[93.6932,7.0138],[93.6735,7.0182],[93.6661,7.0036],[93.6563,7.0065],[93.6676,7.0229],[93.6568,7.0471],[93.6609,7.0654],[93.6537,7.0688],[93.6607,7.0828],[93.6506,7.0866],[93.6473,7.1007],[93.6648,7.1145],[93.6569,7.1191],[93.648,7.1138],[93.6453,7.1268],[93.6569,7.1404],[93.6658,7.1418],[93.6625,7.1772],[93.6749,7.1909],[93.7226,7.189],[93.7398,7.2047],[93.7451,7.1997],[93.7405,7.2085],[93.7495,7.2153],[93.7573,7.2087],[93.7686,7.2103],[93.7779,7.1957],[93.7802,7.2083],[93.7654,7.2132],[93.782,7.2147],[93.7927,7.2027],[93.7923,7.2143],[93.802,7.2146],[93.795,7.2202],[93.8006,7.2216],[93.796,7.2352],[93.8372,7.245]]],[[[93.8986,7.0817],[93.9001,7.0822],[93.9004,7.0816],[93.8986,7.0817]]],[[[93.6984,7.2318],[93.7074,7.208],[93.6999,7.2127],[93.6984,7.2318]]],[[[93.8344,7.2879],[93.8359,7.2906],[93.8375,7.2914],[93.8344,7.2879]]],[[[93.619,7.3318],[93.6194,7.3255],[93.6168,7.331],[93.619,7.3318]]],[[[93.6997,7.4467],[93.708,7.4317],[93.7089,7.4044],[93.7432,7.377],[93.7432,7.3621],[93.7288,7.3479],[93.7132,7.3119],[93.6745,7.2929],[93.6569,7.2592],[93.6362,7.2442],[93.6175,7.2663],[93.6229,7.2889],[93.6171,7.306],[93.6089,7.3113],[93.6313,7.3342],[93.6211,7.3384],[93.6208,7.373],[93.638,7.3703],[93.653,7.3835],[93.655,7.383],[93.6574,7.3752],[93.6595,7.3727],[93.6562,7.3663],[93.671,7.3891],[93.686,7.3962],[93.7007,7.3934],[93.6948,7.3844],[93.7071,7.3843],[93.7038,7.403],[93.691,7.4044],[93.6977,7.4211],[93.6925,7.4453],[93.6997,7.4467]]],[[[93.7548,7.4057],[93.7567,7.3963],[93.7505,7.3998],[93.7548,7.4057]]],[[[93.6795,7.4002],[93.6726,7.4024],[93.6712,7.4095],[93.6789,7.4113],[93.6795,7.4002]]],[[[93.635,7.4785],[93.6403,7.4724],[93.6326,7.4733],[93.635,7.4785]]],[[[93.6219,7.4786],[93.6225,7.4784],[93.6221,7.4782],[93.6219,7.4786]]],[[[93.6218,7.4791],[93.6198,7.483],[93.6221,7.482],[93.6218,7.4791]]],[[[93.5333,7.5257],[93.5295,7.5144],[93.5207,7.527],[93.5224,7.5295],[93.5333,7.5257]]],[[[93.3619,8.0215],[93.4002,8.0092],[93.3916,7.993],[93.3929,7.9735],[93.4017,7.9628],[93.4116,7.9599],[93.4203,7.9685],[93.4259,7.9566],[93.4524,7.9362],[93.4642,7.894],[93.4511,7.8736],[93.4426,7.8759],[93.4323,7.8996],[93.4157,7.9077],[93.3866,7.9023],[93.368,7.8834],[93.3418,7.893],[93.3322,7.919],[93.3535,7.9338],[93.3532,7.9589],[93.3499,7.9612],[93.3259,7.9506],[93.33,7.9418],[93.3363,7.9465],[93.3333,7.9336],[93.3227,7.9364],[93.3206,7.9253],[93.3098,7.9333],[93.3012,7.9618],[93.3139,7.977],[93.3185,8.0041],[93.3388,8.0174],[93.3462,8.0089],[93.3619,8.0215]]],[[[93.5339,8.0265],[93.5537,8.0257],[93.5726,7.9939],[93.5676,7.9312],[93.5288,7.9596],[93.5312,7.9696],[93.5225,7.9659],[93.4985,7.9861],[93.4969,7.9985],[93.5125,7.9929],[93.5218,8.0073],[93.5219,8.0264],[93.5437,7.99],[93.5415,8.0065],[93.5462,8.0073],[93.5403,8.0131],[93.5449,8.0151],[93.5389,8.0154],[93.5403,8.0225],[93.5339,8.0265]]],[[[93.495,8.0483],[93.4931,8.0486],[93.4951,8.0488],[93.495,8.0483]]],[[[93.5135,8.0648],[93.514,8.065],[93.5137,8.0646],[93.5135,8.0648]]],[[[93.5143,8.0693],[93.5147,8.0695],[93.5147,8.0692],[93.5143,8.0693]]],[[[93.5131,8.0757],[93.514,8.0751],[93.5131,8.075],[93.5131,8.0757]]],[[[93.5741,8.1215],[93.5808,8.0971],[93.5797,8.0984],[93.5766,8.0977],[93.5746,8.1027],[93.5724,8.0969],[93.579,8.0949],[93.5738,8.0946],[93.5758,8.0902],[93.5809,8.0955],[93.5806,8.0699],[93.5906,8.0503],[93.5836,8.0398],[93.5641,8.0631],[93.5665,8.0746],[93.5795,8.0643],[93.573,8.0871],[93.5604,8.0968],[93.5667,8.1],[93.5658,8.1162],[93.5745,8.1185],[93.5617,8.123],[93.5606,8.1091],[93.5531,8.1204],[93.5679,8.1273],[93.5741,8.1215]]],[[[93.5786,8.0958],[93.579,8.0952],[93.5785,8.0955],[93.5786,8.0958]]],[[[93.5793,8.0968],[93.58,8.0977],[93.5796,8.0958],[93.5793,8.0968]]],[[[93.5782,8.0975],[93.5786,8.0971],[93.578,8.0971],[93.5782,8.0975]]],[[[93.5166,8.233],[93.5343,8.2278],[93.5348,8.1991],[93.5256,8.1961],[93.5282,8.1925],[93.5247,8.1789],[93.5182,8.1778],[93.5254,8.1873],[93.5125,8.1741],[93.5065,8.1784],[93.5169,8.1854],[93.5191,8.1897],[93.5036,8.1791],[93.4921,8.1589],[93.4971,8.1606],[93.4969,8.1509],[93.4917,8.1514],[93.4881,8.1448],[93.4934,8.1484],[93.502,8.1393],[93.4983,8.1362],[93.5106,8.127],[93.5148,8.1072],[93.5393,8.0831],[93.538,8.0517],[93.5318,8.0501],[93.5397,8.0374],[93.5205,8.0521],[93.5143,8.0337],[93.5123,8.0428],[93.4976,8.0362],[93.4947,8.0254],[93.5012,8.0176],[93.4956,8.0185],[93.4986,8.0111],[93.491,7.9993],[93.4823,8.0021],[93.4775,8.0162],[93.4762,8.0464],[93.4902,8.0398],[93.4936,8.0463],[93.4957,8.0388],[93.5009,8.0389],[93.5002,8.0521],[93.4936,8.0578],[93.4992,8.058],[93.5017,8.0693],[93.5015,8.0485],[93.5171,8.0533],[93.5156,8.0629],[93.5241,8.062],[93.52,8.0681],[93.5265,8.0662],[93.5282,8.0684],[93.5232,8.073],[93.5156,8.0685],[93.5143,8.0748],[93.5252,8.0815],[93.5142,8.0799],[93.513,8.0858],[93.5026,8.087],[93.5025,8.0758],[93.4818,8.0646],[93.4825,8.0523],[93.4756,8.0531],[93.4708,8.0881],[93.4801,8.0924],[93.4716,8.0975],[93.467,8.0927],[93.4568,8.1073],[93.4579,8.12],[93.4511,8.1201],[93.4488,8.1354],[93.454,8.137],[93.4506,8.1315],[93.4573,8.128],[93.4581,8.132],[93.4555,8.1383],[93.4607,8.134],[93.4639,8.1405],[93.447,8.1448],[93.4451,8.1674],[93.4497,8.1799],[93.4695,8.1857],[93.48,8.1971],[93.4838,8.2227],[93.5166,8.233]]],[[[93.455,8.1297],[93.4552,8.1293],[93.4549,8.1294],[93.455,8.1297]]],[[[93.4549,8.1305],[93.455,8.13],[93.4548,8.1302],[93.4549,8.1305]]],[[[93.4571,8.1316],[93.457,8.1312],[93.4567,8.1314],[93.4571,8.1316]]],[[[93.4545,8.1313],[93.454,8.1316],[93.4545,8.1316],[93.4545,8.1313]]],[[[93.4564,8.1319],[93.4566,8.1316],[93.4563,8.1317],[93.4564,8.1319]]],[[[93.4535,8.1332],[93.4539,8.1325],[93.4534,8.1323],[93.4535,8.1332]]],[[[93.4564,8.1331],[93.4561,8.1328],[93.4561,8.1331],[93.4564,8.1331]]],[[[93.454,8.1393],[93.4531,8.1383],[93.4525,8.1385],[93.454,8.1393]]],[[[93.4559,8.1399],[93.4545,8.1394],[93.456,8.1403],[93.4559,8.1399]]],[[[93.2289,8.2231],[93.2292,8.2243],[93.2294,8.223],[93.2289,8.2231]]],[[[93.2269,8.2654],[93.2408,8.2304],[93.2288,8.2245],[93.2106,8.2492],[93.219,8.2637],[93.2269,8.2654]]],[[[93.1183,8.3541],[93.1329,8.3456],[93.1166,8.2759],[93.1472,8.2421],[93.1931,8.2179],[93.1906,8.197],[93.1781,8.1948],[93.1523,8.2034],[93.1121,8.2252],[93.0768,8.2738],[93.0741,8.2967],[93.0854,8.3397],[93.0959,8.3502],[93.1183,8.3541]]],[[[93.6426,8.3952],[93.6433,8.3895],[93.6336,8.3949],[93.6426,8.3952]]],[[[93.6315,8.3955],[93.6313,8.3948],[93.6311,8.3952],[93.6315,8.3955]]],[[[93.6244,8.3981],[93.6253,8.397],[93.6246,8.3968],[93.6244,8.3981]]],[[[93.6032,8.5778],[93.6121,8.5329],[93.6259,8.5241],[93.6279,8.5129],[93.6218,8.5072],[93.632,8.4681],[93.6222,8.4731],[93.6167,8.4684],[93.6124,8.4238],[93.6083,8.4363],[93.6122,8.4366],[93.6133,8.4379],[93.6133,8.4389],[93.6076,8.4444],[93.6146,8.4646],[93.6096,8.4803],[93.62,8.4887],[93.6124,8.5267],[93.6012,8.5454],[93.6032,8.5778]]],[[[93.5989,8.5838],[93.5984,8.5805],[93.5967,8.5832],[93.5989,8.5838]]],[[[93.0766,11.7806],[93.0786,11.7867],[93.0851,11.7884],[93.0819,11.7795],[93.0766,11.7806]]],[[[93.0964,12.1351],[93.0984,12.1365],[93.097,12.1341],[93.0964,12.1351]]],[[[93.1196,12.1458],[93.1229,12.1407],[93.1154,12.1302],[93.1099,12.1443],[93.1196,12.1458]]],[[[93.075,12.2088],[93.0671,12.1971],[93.0782,12.1993],[93.0742,12.1961],[93.0742,12.1927],[93.0804,12.1983],[93.0863,12.1925],[93.0795,12.1862],[93.0855,12.1843],[93.0768,12.1808],[93.0782,12.1851],[93.0656,12.1731],[93.0754,12.1801],[93.0867,12.1741],[93.0884,12.1805],[93.0836,12.1512],[93.0821,12.1518],[93.0822,12.1501],[93.0789,12.1503],[93.0777,12.1489],[93.0802,12.1462],[93.0875,12.1517],[93.0941,12.1427],[93.0868,12.1402],[93.0905,12.1354],[93.0809,12.1215],[93.0825,12.1146],[93.0911,12.1199],[93.0811,12.1071],[93.0893,12.1078],[93.0857,12.1036],[93.0884,12.0984],[93.091,12.1052],[93.0901,12.0991],[93.0888,12.0971],[93.0854,12.0951],[93.0868,12.0963],[93.0839,12.1006],[93.0856,12.0908],[93.0741,12.0836],[93.0566,12.1089],[93.0636,12.1221],[93.0678,12.1143],[93.0709,12.1181],[93.0699,12.125],[93.0643,12.1231],[93.0667,12.1316],[93.0583,12.1226],[93.0474,12.1275],[93.0485,12.1192],[93.0358,12.1323],[93.056,12.1937],[93.0662,12.2112],[93.075,12.2088]]],[[[93.0923,12.2183],[93.0932,12.2234],[93.0934,12.2205],[93.0923,12.2183]]],[[[93.0926,12.2238],[93.0923,12.2252],[93.093,12.2239],[93.0926,12.2238]]],[[[93.0855,12.2291],[93.0829,12.2255],[93.0818,12.2253],[93.0855,12.2291]]],[[[93.1038,12.2604],[93.0991,12.2046],[93.0916,12.2139],[93.0933,12.2184],[93.0938,12.2221],[93.0926,12.2275],[93.0894,12.2307],[93.0994,12.2345],[93.1024,12.2456],[93.0803,12.2256],[93.0622,12.2302],[93.0756,12.2627],[93.0746,12.2556],[93.082,12.2606],[93.0806,12.2404],[93.0861,12.2368],[93.1038,12.2604]]],[[[93.0718,12.3281],[93.0723,12.3258],[93.0639,12.3256],[93.0718,12.3281]]],[[[93.0724,13.3033],[93.0722,13.2981],[93.0694,13.3],[93.0724,13.3033]]],[[[93.0757,13.3634],[93.0745,13.3659],[93.0764,13.3639],[93.0757,13.3634]]],[[[93.0798,13.3686],[93.0811,13.3678],[93.0801,13.3678],[93.0798,13.3686]]],[[[93.0792,13.3766],[93.0783,13.377],[93.0784,13.3773],[93.0792,13.3766]]],[[[93.0897,13.4101],[93.0895,13.4196],[93.0922,13.4195],[93.0897,13.4101]]],[[[93.0909,13.4135],[93.0943,13.4159],[93.0913,13.4112],[93.0909,13.4135]]],[[[93.0713,13.4309],[93.0701,13.4139],[93.0696,13.4131],[93.0662,13.4225],[93.0713,13.4309]]],[[[93.0765,13.4328],[93.0761,13.4332],[93.0771,13.4331],[93.0765,13.4328]]],[[[93.0968,13.4318],[93.101,13.4349],[93.102,13.4304],[93.0968,13.4318]]]]}}]}